mode,task_id,warmup,ordinal,arm,duration_ns,user_cpu_ns,system_cpu_ns,max_rss,max_rss_units,ok,hit,exit,failure,stdout_complete,stderr_complete,stdout_bytes,stdout_sha256
default,baseline_terms,True,0,baseline,184872375,148920000,92571000,163938304,bytes,True,true,0,,True,True,12524,c9f1427c86a3d4493bc8ddd04cdca3c754b2e4762f41599b9f3a7fa36254cfaf
default,baseline_terms,True,0,candidate,122747875,98423000,87394000,164265984,bytes,True,true,0,,True,True,12524,c9f1427c86a3d4493bc8ddd04cdca3c754b2e4762f41599b9f3a7fa36254cfaf
default,baseline_terms,True,1,candidate,117535541,94004000,91201000,164020224,bytes,True,true,0,,True,True,12524,c9f1427c86a3d4493bc8ddd04cdca3c754b2e4762f41599b9f3a7fa36254cfaf
default,baseline_terms,True,1,baseline,170306834,147736000,88029000,164790272,bytes,True,true,0,,True,True,12524,c9f1427c86a3d4493bc8ddd04cdca3c754b2e4762f41599b9f3a7fa36254cfaf
default,baseline_terms,True,2,baseline,174188292,148540000,89106000,164806656,bytes,True,true,0,,True,True,12524,c9f1427c86a3d4493bc8ddd04cdca3c754b2e4762f41599b9f3a7fa36254cfaf
default,baseline_terms,True,2,candidate,118322667,98240000,87938000,164478976,bytes,True,true,0,,True,True,12524,c9f1427c86a3d4493bc8ddd04cdca3c754b2e4762f41599b9f3a7fa36254cfaf
default,baseline_terms,False,0,baseline,171755292,148547000,79179000,163823616,bytes,True,true,0,,True,True,12524,c9f1427c86a3d4493bc8ddd04cdca3c754b2e4762f41599b9f3a7fa36254cfaf
default,baseline_terms,False,0,candidate,113702916,96260000,86878000,163921920,bytes,True,true,0,,True,True,12524,c9f1427c86a3d4493bc8ddd04cdca3c754b2e4762f41599b9f3a7fa36254cfaf
default,baseline_terms,False,1,candidate,111934166,94727000,80027000,164249600,bytes,True,true,0,,True,True,12524,c9f1427c86a3d4493bc8ddd04cdca3c754b2e4762f41599b9f3a7fa36254cfaf
default,baseline_terms,False,1,baseline,168984042,143598000,85001000,164069376,bytes,True,true,0,,True,True,12524,c9f1427c86a3d4493bc8ddd04cdca3c754b2e4762f41599b9f3a7fa36254cfaf
default,baseline_terms,False,2,baseline,168909500,144817000,86336000,164495360,bytes,True,true,0,,True,True,12524,c9f1427c86a3d4493bc8ddd04cdca3c754b2e4762f41599b9f3a7fa36254cfaf
default,baseline_terms,False,2,candidate,120365750,100042000,88932000,164216832,bytes,True,true,0,,True,True,12524,c9f1427c86a3d4493bc8ddd04cdca3c754b2e4762f41599b9f3a7fa36254cfaf
default,baseline_terms,False,3,candidate,172552834,99595000,91076000,163987456,bytes,True,true,0,,True,True,12524,c9f1427c86a3d4493bc8ddd04cdca3c754b2e4762f41599b9f3a7fa36254cfaf
default,baseline_terms,False,3,baseline,173160667,147368000,85536000,163807232,bytes,True,true,0,,True,True,12524,c9f1427c86a3d4493bc8ddd04cdca3c754b2e4762f41599b9f3a7fa36254cfaf
default,baseline_terms,False,4,baseline,168391791,146373000,80405000,164315136,bytes,True,true,0,,True,True,12524,c9f1427c86a3d4493bc8ddd04cdca3c754b2e4762f41599b9f3a7fa36254cfaf
default,baseline_terms,False,4,candidate,111374125,96276000,82767000,164413440,bytes,True,true,0,,True,True,12524,c9f1427c86a3d4493bc8ddd04cdca3c754b2e4762f41599b9f3a7fa36254cfaf
default,baseline_terms,False,5,candidate,111026791,94578000,81108000,163921920,bytes,True,true,0,,True,True,12524,c9f1427c86a3d4493bc8ddd04cdca3c754b2e4762f41599b9f3a7fa36254cfaf
default,baseline_terms,False,5,baseline,162401625,144427000,82771000,164118528,bytes,True,true,0,,True,True,12524,c9f1427c86a3d4493bc8ddd04cdca3c754b2e4762f41599b9f3a7fa36254cfaf
default,baseline_terms,False,6,baseline,160204000,143214000,76600000,164036608,bytes,True,true,0,,True,True,12524,c9f1427c86a3d4493bc8ddd04cdca3c754b2e4762f41599b9f3a7fa36254cfaf
default,baseline_terms,False,6,candidate,112134375,93694000,80558000,163823616,bytes,True,true,0,,True,True,12524,c9f1427c86a3d4493bc8ddd04cdca3c754b2e4762f41599b9f3a7fa36254cfaf
default,baseline_terms,False,7,candidate,108425833,92428000,83938000,163774464,bytes,True,true,0,,True,True,12524,c9f1427c86a3d4493bc8ddd04cdca3c754b2e4762f41599b9f3a7fa36254cfaf
default,baseline_terms,False,7,baseline,235041875,154083000,93455000,163905536,bytes,True,true,0,,True,True,12524,c9f1427c86a3d4493bc8ddd04cdca3c754b2e4762f41599b9f3a7fa36254cfaf
default,baseline_terms,False,8,baseline,185574417,149778000,91001000,164069376,bytes,True,true,0,,True,True,12524,c9f1427c86a3d4493bc8ddd04cdca3c754b2e4762f41599b9f3a7fa36254cfaf
default,baseline_terms,False,8,candidate,116438708,97407000,85229000,163921920,bytes,True,true,0,,True,True,12524,c9f1427c86a3d4493bc8ddd04cdca3c754b2e4762f41599b9f3a7fa36254cfaf
default,baseline_terms,False,9,candidate,139686083,99001000,84841000,163872768,bytes,True,true,0,,True,True,12524,c9f1427c86a3d4493bc8ddd04cdca3c754b2e4762f41599b9f3a7fa36254cfaf
default,baseline_terms,False,9,baseline,172626541,149105000,85009000,163938304,bytes,True,true,0,,True,True,12524,c9f1427c86a3d4493bc8ddd04cdca3c754b2e4762f41599b9f3a7fa36254cfaf
default,baseline_terms,False,10,baseline,176735750,150289000,83079000,164331520,bytes,True,true,0,,True,True,12524,c9f1427c86a3d4493bc8ddd04cdca3c754b2e4762f41599b9f3a7fa36254cfaf
default,baseline_terms,False,10,candidate,115793041,95558000,90225000,164003840,bytes,True,true,0,,True,True,12524,c9f1427c86a3d4493bc8ddd04cdca3c754b2e4762f41599b9f3a7fa36254cfaf
default,baseline_terms,False,11,candidate,110868167,95885000,77425000,164052992,bytes,True,true,0,,True,True,12524,c9f1427c86a3d4493bc8ddd04cdca3c754b2e4762f41599b9f3a7fa36254cfaf
default,baseline_terms,False,11,baseline,161872542,144685000,73552000,163840000,bytes,True,true,0,,True,True,12524,c9f1427c86a3d4493bc8ddd04cdca3c754b2e4762f41599b9f3a7fa36254cfaf
default,baseline_terms,False,12,baseline,160029416,142582000,75825000,163889152,bytes,True,true,0,,True,True,12524,c9f1427c86a3d4493bc8ddd04cdca3c754b2e4762f41599b9f3a7fa36254cfaf
default,baseline_terms,False,12,candidate,107016916,93743000,72048000,163643392,bytes,True,true,0,,True,True,12524,c9f1427c86a3d4493bc8ddd04cdca3c754b2e4762f41599b9f3a7fa36254cfaf
default,baseline_terms,False,13,candidate,116753833,97391000,86195000,164020224,bytes,True,true,0,,True,True,12524,c9f1427c86a3d4493bc8ddd04cdca3c754b2e4762f41599b9f3a7fa36254cfaf
default,baseline_terms,False,13,baseline,167470542,146184000,81338000,164151296,bytes,True,true,0,,True,True,12524,c9f1427c86a3d4493bc8ddd04cdca3c754b2e4762f41599b9f3a7fa36254cfaf
default,baseline_terms,False,14,baseline,166633709,146258000,83450000,164446208,bytes,True,true,0,,True,True,12524,c9f1427c86a3d4493bc8ddd04cdca3c754b2e4762f41599b9f3a7fa36254cfaf
default,baseline_terms,False,14,candidate,110555292,93303000,85110000,163921920,bytes,True,true,0,,True,True,12524,c9f1427c86a3d4493bc8ddd04cdca3c754b2e4762f41599b9f3a7fa36254cfaf
default,baseline_terms,False,15,candidate,110693917,96077000,74008000,164167680,bytes,True,true,0,,True,True,12524,c9f1427c86a3d4493bc8ddd04cdca3c754b2e4762f41599b9f3a7fa36254cfaf
default,baseline_terms,False,15,baseline,205114209,157645000,87357000,163807232,bytes,True,true,0,,True,True,12524,c9f1427c86a3d4493bc8ddd04cdca3c754b2e4762f41599b9f3a7fa36254cfaf
default,baseline_terms,False,16,baseline,220670917,160194000,94989000,164429824,bytes,True,true,0,,True,True,12524,c9f1427c86a3d4493bc8ddd04cdca3c754b2e4762f41599b9f3a7fa36254cfaf
default,baseline_terms,False,16,candidate,147370458,106762000,99018000,163905536,bytes,True,true,0,,True,True,12524,c9f1427c86a3d4493bc8ddd04cdca3c754b2e4762f41599b9f3a7fa36254cfaf
default,baseline_terms,False,17,candidate,154716500,106767000,93966000,163774464,bytes,True,true,0,,True,True,12524,c9f1427c86a3d4493bc8ddd04cdca3c754b2e4762f41599b9f3a7fa36254cfaf
default,baseline_terms,False,17,baseline,207432459,158711000,101077000,163561472,bytes,True,true,0,,True,True,12524,c9f1427c86a3d4493bc8ddd04cdca3c754b2e4762f41599b9f3a7fa36254cfaf
default,baseline_terms,False,18,baseline,173113833,148565000,86402000,163725312,bytes,True,true,0,,True,True,12524,c9f1427c86a3d4493bc8ddd04cdca3c754b2e4762f41599b9f3a7fa36254cfaf
default,baseline_terms,False,18,candidate,111233125,96010000,76171000,163938304,bytes,True,true,0,,True,True,12524,c9f1427c86a3d4493bc8ddd04cdca3c754b2e4762f41599b9f3a7fa36254cfaf
default,baseline_terms,False,19,candidate,111751791,96458000,82761000,164118528,bytes,True,true,0,,True,True,12524,c9f1427c86a3d4493bc8ddd04cdca3c754b2e4762f41599b9f3a7fa36254cfaf
default,baseline_terms,False,19,baseline,166328167,145258000,80477000,164331520,bytes,True,true,0,,True,True,12524,c9f1427c86a3d4493bc8ddd04cdca3c754b2e4762f41599b9f3a7fa36254cfaf
default,baseline_terms,False,20,baseline,178948583,152140000,88993000,164020224,bytes,True,true,0,,True,True,12524,c9f1427c86a3d4493bc8ddd04cdca3c754b2e4762f41599b9f3a7fa36254cfaf
default,baseline_terms,False,20,candidate,129366875,102516000,96497000,164102144,bytes,True,true,0,,True,True,12524,c9f1427c86a3d4493bc8ddd04cdca3c754b2e4762f41599b9f3a7fa36254cfaf
default,baseline_terms,False,21,candidate,142533792,109338000,90650000,163921920,bytes,True,true,0,,True,True,12524,c9f1427c86a3d4493bc8ddd04cdca3c754b2e4762f41599b9f3a7fa36254cfaf
default,baseline_terms,False,21,baseline,188322833,156002000,95264000,164085760,bytes,True,true,0,,True,True,12524,c9f1427c86a3d4493bc8ddd04cdca3c754b2e4762f41599b9f3a7fa36254cfaf
default,baseline_terms,False,22,baseline,167954542,146147000,86853000,164102144,bytes,True,true,0,,True,True,12524,c9f1427c86a3d4493bc8ddd04cdca3c754b2e4762f41599b9f3a7fa36254cfaf
default,baseline_terms,False,22,candidate,109219333,95241000,73294000,163987456,bytes,True,true,0,,True,True,12524,c9f1427c86a3d4493bc8ddd04cdca3c754b2e4762f41599b9f3a7fa36254cfaf
default,baseline_terms,False,23,candidate,123499083,100538000,83921000,163938304,bytes,True,true,0,,True,True,12524,c9f1427c86a3d4493bc8ddd04cdca3c754b2e4762f41599b9f3a7fa36254cfaf
default,baseline_terms,False,23,baseline,169636625,147268000,88769000,164151296,bytes,True,true,0,,True,True,12524,c9f1427c86a3d4493bc8ddd04cdca3c754b2e4762f41599b9f3a7fa36254cfaf
default,baseline_terms,False,24,baseline,169198625,145620000,89301000,164282368,bytes,True,true,0,,True,True,12524,c9f1427c86a3d4493bc8ddd04cdca3c754b2e4762f41599b9f3a7fa36254cfaf
default,baseline_terms,False,24,candidate,111027417,94642000,75271000,163889152,bytes,True,true,0,,True,True,12524,c9f1427c86a3d4493bc8ddd04cdca3c754b2e4762f41599b9f3a7fa36254cfaf
default,baseline_terms,False,25,candidate,105713958,92823000,75304000,164102144,bytes,True,true,0,,True,True,12524,c9f1427c86a3d4493bc8ddd04cdca3c754b2e4762f41599b9f3a7fa36254cfaf
default,baseline_terms,False,25,baseline,216296875,146341000,81945000,164904960,bytes,True,true,0,,True,True,12524,c9f1427c86a3d4493bc8ddd04cdca3c754b2e4762f41599b9f3a7fa36254cfaf
default,baseline_terms,False,26,baseline,160578708,143471000,78705000,163823616,bytes,True,true,0,,True,True,12524,c9f1427c86a3d4493bc8ddd04cdca3c754b2e4762f41599b9f3a7fa36254cfaf
default,baseline_terms,False,26,candidate,107228250,92328000,71726000,164184064,bytes,True,true,0,,True,True,12524,c9f1427c86a3d4493bc8ddd04cdca3c754b2e4762f41599b9f3a7fa36254cfaf
default,baseline_terms,False,27,candidate,115627084,92996000,84505000,163627008,bytes,True,true,0,,True,True,12524,c9f1427c86a3d4493bc8ddd04cdca3c754b2e4762f41599b9f3a7fa36254cfaf
default,baseline_terms,False,27,baseline,163838750,143922000,77832000,163823616,bytes,True,true,0,,True,True,12524,c9f1427c86a3d4493bc8ddd04cdca3c754b2e4762f41599b9f3a7fa36254cfaf
default,baseline_terms,False,28,baseline,171293584,149576000,92384000,164364288,bytes,True,true,0,,True,True,12524,c9f1427c86a3d4493bc8ddd04cdca3c754b2e4762f41599b9f3a7fa36254cfaf
default,baseline_terms,False,28,candidate,109817125,96516000,75639000,164380672,bytes,True,true,0,,True,True,12524,c9f1427c86a3d4493bc8ddd04cdca3c754b2e4762f41599b9f3a7fa36254cfaf
default,baseline_terms,False,29,candidate,112725583,96349000,83299000,163921920,bytes,True,true,0,,True,True,12524,c9f1427c86a3d4493bc8ddd04cdca3c754b2e4762f41599b9f3a7fa36254cfaf
default,baseline_terms,False,29,baseline,164132750,143658000,83817000,164429824,bytes,True,true,0,,True,True,12524,c9f1427c86a3d4493bc8ddd04cdca3c754b2e4762f41599b9f3a7fa36254cfaf
default,baseline_terms,False,30,baseline,171502959,141553000,77272000,238911488,bytes,True,true,0,,True,True,12524,c9f1427c86a3d4493bc8ddd04cdca3c754b2e4762f41599b9f3a7fa36254cfaf
default,baseline_terms,False,30,candidate,117417333,96892000,85093000,164233216,bytes,True,true,0,,True,True,12524,c9f1427c86a3d4493bc8ddd04cdca3c754b2e4762f41599b9f3a7fa36254cfaf
default,baseline_terms,False,31,candidate,113134625,95248000,80124000,163807232,bytes,True,true,0,,True,True,12524,c9f1427c86a3d4493bc8ddd04cdca3c754b2e4762f41599b9f3a7fa36254cfaf
default,baseline_terms,False,31,baseline,178236583,151535000,91690000,164020224,bytes,True,true,0,,True,True,12524,c9f1427c86a3d4493bc8ddd04cdca3c754b2e4762f41599b9f3a7fa36254cfaf
default,baseline_terms,False,32,baseline,183118584,152654000,96758000,163889152,bytes,True,true,0,,True,True,12524,c9f1427c86a3d4493bc8ddd04cdca3c754b2e4762f41599b9f3a7fa36254cfaf
default,baseline_terms,False,32,candidate,122608417,99069000,89864000,164151296,bytes,True,true,0,,True,True,12524,c9f1427c86a3d4493bc8ddd04cdca3c754b2e4762f41599b9f3a7fa36254cfaf
default,baseline_terms,False,33,candidate,124131167,98886000,92477000,163758080,bytes,True,true,0,,True,True,12524,c9f1427c86a3d4493bc8ddd04cdca3c754b2e4762f41599b9f3a7fa36254cfaf
default,baseline_terms,False,33,baseline,178922500,151692000,82211000,163905536,bytes,True,true,0,,True,True,12524,c9f1427c86a3d4493bc8ddd04cdca3c754b2e4762f41599b9f3a7fa36254cfaf
default,baseline_terms,False,34,baseline,174399166,148987000,91068000,164200448,bytes,True,true,0,,True,True,12524,c9f1427c86a3d4493bc8ddd04cdca3c754b2e4762f41599b9f3a7fa36254cfaf
default,baseline_terms,False,34,candidate,169736333,99951000,82753000,163266560,bytes,True,true,0,,True,True,12524,c9f1427c86a3d4493bc8ddd04cdca3c754b2e4762f41599b9f3a7fa36254cfaf
default,baseline_terms,False,35,candidate,127942292,98845000,101498000,164265984,bytes,True,true,0,,True,True,12524,c9f1427c86a3d4493bc8ddd04cdca3c754b2e4762f41599b9f3a7fa36254cfaf
default,baseline_terms,False,35,baseline,181067000,149647000,95043000,164052992,bytes,True,true,0,,True,True,12524,c9f1427c86a3d4493bc8ddd04cdca3c754b2e4762f41599b9f3a7fa36254cfaf
default,baseline_terms,False,36,baseline,165064417,146293000,77776000,164249600,bytes,True,true,0,,True,True,12524,c9f1427c86a3d4493bc8ddd04cdca3c754b2e4762f41599b9f3a7fa36254cfaf
default,baseline_terms,False,36,candidate,113198875,97976000,78605000,163823616,bytes,True,true,0,,True,True,12524,c9f1427c86a3d4493bc8ddd04cdca3c754b2e4762f41599b9f3a7fa36254cfaf
default,baseline_terms,False,37,candidate,116258750,95558000,82718000,163741696,bytes,True,true,0,,True,True,12524,c9f1427c86a3d4493bc8ddd04cdca3c754b2e4762f41599b9f3a7fa36254cfaf
default,baseline_terms,False,37,baseline,178641375,149559000,92021000,164085760,bytes,True,true,0,,True,True,12524,c9f1427c86a3d4493bc8ddd04cdca3c754b2e4762f41599b9f3a7fa36254cfaf
default,baseline_terms,False,38,baseline,169671125,146805000,82994000,164020224,bytes,True,true,0,,True,True,12524,c9f1427c86a3d4493bc8ddd04cdca3c754b2e4762f41599b9f3a7fa36254cfaf
default,baseline_terms,False,38,candidate,122890750,99520000,85613000,164003840,bytes,True,true,0,,True,True,12524,c9f1427c86a3d4493bc8ddd04cdca3c754b2e4762f41599b9f3a7fa36254cfaf
default,baseline_terms,False,39,candidate,115033458,97540000,81678000,164069376,bytes,True,true,0,,True,True,12524,c9f1427c86a3d4493bc8ddd04cdca3c754b2e4762f41599b9f3a7fa36254cfaf
default,baseline_terms,False,39,baseline,171896583,148956000,86817000,163971072,bytes,True,true,0,,True,True,12524,c9f1427c86a3d4493bc8ddd04cdca3c754b2e4762f41599b9f3a7fa36254cfaf
default,baseline_terms,False,40,baseline,175760542,145995000,94665000,163971072,bytes,True,true,0,,True,True,12524,c9f1427c86a3d4493bc8ddd04cdca3c754b2e4762f41599b9f3a7fa36254cfaf
default,baseline_terms,False,40,candidate,124914167,98929000,90275000,163856384,bytes,True,true,0,,True,True,12524,c9f1427c86a3d4493bc8ddd04cdca3c754b2e4762f41599b9f3a7fa36254cfaf
default,baseline_terms,False,41,candidate,116177791,97248000,79364000,164495360,bytes,True,true,0,,True,True,12524,c9f1427c86a3d4493bc8ddd04cdca3c754b2e4762f41599b9f3a7fa36254cfaf
default,baseline_terms,False,41,baseline,165559542,144028000,79680000,164577280,bytes,True,true,0,,True,True,12524,c9f1427c86a3d4493bc8ddd04cdca3c754b2e4762f41599b9f3a7fa36254cfaf
default,baseline_terms,False,42,baseline,162721542,143879000,82412000,163790848,bytes,True,true,0,,True,True,12524,c9f1427c86a3d4493bc8ddd04cdca3c754b2e4762f41599b9f3a7fa36254cfaf
default,baseline_terms,False,42,candidate,106599666,92504000,69731000,163692544,bytes,True,true,0,,True,True,12524,c9f1427c86a3d4493bc8ddd04cdca3c754b2e4762f41599b9f3a7fa36254cfaf
default,baseline_terms,False,43,candidate,112641083,94544000,85686000,163856384,bytes,True,true,0,,True,True,12524,c9f1427c86a3d4493bc8ddd04cdca3c754b2e4762f41599b9f3a7fa36254cfaf
default,baseline_terms,False,43,baseline,167578291,146075000,83655000,164052992,bytes,True,true,0,,True,True,12524,c9f1427c86a3d4493bc8ddd04cdca3c754b2e4762f41599b9f3a7fa36254cfaf
default,baseline_terms,False,44,baseline,163808125,147219000,75460000,164380672,bytes,True,true,0,,True,True,12524,c9f1427c86a3d4493bc8ddd04cdca3c754b2e4762f41599b9f3a7fa36254cfaf
default,baseline_terms,False,44,candidate,109045250,95641000,79950000,164233216,bytes,True,true,0,,True,True,12524,c9f1427c86a3d4493bc8ddd04cdca3c754b2e4762f41599b9f3a7fa36254cfaf
default,baseline_terms,False,45,candidate,114069167,94907000,78608000,163364864,bytes,True,true,0,,True,True,12524,c9f1427c86a3d4493bc8ddd04cdca3c754b2e4762f41599b9f3a7fa36254cfaf
default,baseline_terms,False,45,baseline,169007000,150009000,77262000,164560896,bytes,True,true,0,,True,True,12524,c9f1427c86a3d4493bc8ddd04cdca3c754b2e4762f41599b9f3a7fa36254cfaf
default,baseline_terms,False,46,baseline,170825417,148549000,85955000,164495360,bytes,True,true,0,,True,True,12524,c9f1427c86a3d4493bc8ddd04cdca3c754b2e4762f41599b9f3a7fa36254cfaf
default,baseline_terms,False,46,candidate,117003167,96889000,78957000,163889152,bytes,True,true,0,,True,True,12524,c9f1427c86a3d4493bc8ddd04cdca3c754b2e4762f41599b9f3a7fa36254cfaf
default,baseline_terms,False,47,candidate,118819750,98070000,80634000,163774464,bytes,True,true,0,,True,True,12524,c9f1427c86a3d4493bc8ddd04cdca3c754b2e4762f41599b9f3a7fa36254cfaf
default,baseline_terms,False,47,baseline,171858042,148760000,84574000,164265984,bytes,True,true,0,,True,True,12524,c9f1427c86a3d4493bc8ddd04cdca3c754b2e4762f41599b9f3a7fa36254cfaf
default,baseline_terms,False,48,baseline,196494250,157895000,92960000,164495360,bytes,True,true,0,,True,True,12524,c9f1427c86a3d4493bc8ddd04cdca3c754b2e4762f41599b9f3a7fa36254cfaf
default,baseline_terms,False,48,candidate,135312625,104375000,90086000,163708928,bytes,True,true,0,,True,True,12524,c9f1427c86a3d4493bc8ddd04cdca3c754b2e4762f41599b9f3a7fa36254cfaf
default,baseline_terms,False,49,candidate,111978125,95947000,84203000,164052992,bytes,True,true,0,,True,True,12524,c9f1427c86a3d4493bc8ddd04cdca3c754b2e4762f41599b9f3a7fa36254cfaf
default,baseline_terms,False,49,baseline,163221958,143956000,77253000,164511744,bytes,True,true,0,,True,True,12524,c9f1427c86a3d4493bc8ddd04cdca3c754b2e4762f41599b9f3a7fa36254cfaf
default,baseline_terms,False,50,baseline,163842334,144300000,78251000,163807232,bytes,True,true,0,,True,True,12524,c9f1427c86a3d4493bc8ddd04cdca3c754b2e4762f41599b9f3a7fa36254cfaf
default,baseline_terms,False,50,candidate,113491583,97356000,81053000,164134912,bytes,True,true,0,,True,True,12524,c9f1427c86a3d4493bc8ddd04cdca3c754b2e4762f41599b9f3a7fa36254cfaf
default,baseline_terms,False,51,candidate,108659333,94264000,80624000,163758080,bytes,True,true,0,,True,True,12524,c9f1427c86a3d4493bc8ddd04cdca3c754b2e4762f41599b9f3a7fa36254cfaf
default,baseline_terms,False,51,baseline,163880041,143108000,86257000,164577280,bytes,True,true,0,,True,True,12524,c9f1427c86a3d4493bc8ddd04cdca3c754b2e4762f41599b9f3a7fa36254cfaf
default,baseline_terms,False,52,baseline,161652042,142167000,73201000,163840000,bytes,True,true,0,,True,True,12524,c9f1427c86a3d4493bc8ddd04cdca3c754b2e4762f41599b9f3a7fa36254cfaf
default,baseline_terms,False,52,candidate,105243375,93957000,74096000,164102144,bytes,True,true,0,,True,True,12524,c9f1427c86a3d4493bc8ddd04cdca3c754b2e4762f41599b9f3a7fa36254cfaf
default,baseline_terms,False,53,candidate,109412791,94605000,78444000,164134912,bytes,True,true,0,,True,True,12524,c9f1427c86a3d4493bc8ddd04cdca3c754b2e4762f41599b9f3a7fa36254cfaf
default,baseline_terms,False,53,baseline,167652166,146357000,90033000,164085760,bytes,True,true,0,,True,True,12524,c9f1427c86a3d4493bc8ddd04cdca3c754b2e4762f41599b9f3a7fa36254cfaf
default,baseline_terms,False,54,baseline,169851792,137918000,83159000,214515712,bytes,True,true,0,,True,True,12524,c9f1427c86a3d4493bc8ddd04cdca3c754b2e4762f41599b9f3a7fa36254cfaf
default,baseline_terms,False,54,candidate,106405000,94128000,73116000,164249600,bytes,True,true,0,,True,True,12524,c9f1427c86a3d4493bc8ddd04cdca3c754b2e4762f41599b9f3a7fa36254cfaf
default,baseline_terms,False,55,candidate,107365417,93964000,76841000,163610624,bytes,True,true,0,,True,True,12524,c9f1427c86a3d4493bc8ddd04cdca3c754b2e4762f41599b9f3a7fa36254cfaf
default,baseline_terms,False,55,baseline,157843542,143009000,74490000,164069376,bytes,True,true,0,,True,True,12524,c9f1427c86a3d4493bc8ddd04cdca3c754b2e4762f41599b9f3a7fa36254cfaf
default,baseline_terms,False,56,baseline,171669667,147551000,93563000,164413440,bytes,True,true,0,,True,True,12524,c9f1427c86a3d4493bc8ddd04cdca3c754b2e4762f41599b9f3a7fa36254cfaf
default,baseline_terms,False,56,candidate,106840917,94913000,75904000,163856384,bytes,True,true,0,,True,True,12524,c9f1427c86a3d4493bc8ddd04cdca3c754b2e4762f41599b9f3a7fa36254cfaf
default,baseline_terms,False,57,candidate,110716375,93548000,79296000,164249600,bytes,True,true,0,,True,True,12524,c9f1427c86a3d4493bc8ddd04cdca3c754b2e4762f41599b9f3a7fa36254cfaf
default,baseline_terms,False,57,baseline,167167583,147231000,82054000,163610624,bytes,True,true,0,,True,True,12524,c9f1427c86a3d4493bc8ddd04cdca3c754b2e4762f41599b9f3a7fa36254cfaf
default,baseline_terms,False,58,baseline,170261208,147425000,83894000,163741696,bytes,True,true,0,,True,True,12524,c9f1427c86a3d4493bc8ddd04cdca3c754b2e4762f41599b9f3a7fa36254cfaf
default,baseline_terms,False,58,candidate,113800167,98646000,78401000,164036608,bytes,True,true,0,,True,True,12524,c9f1427c86a3d4493bc8ddd04cdca3c754b2e4762f41599b9f3a7fa36254cfaf
default,baseline_terms,False,59,candidate,115423542,96946000,84689000,164134912,bytes,True,true,0,,True,True,12524,c9f1427c86a3d4493bc8ddd04cdca3c754b2e4762f41599b9f3a7fa36254cfaf
default,baseline_terms,False,59,baseline,177153333,150685000,92051000,164708352,bytes,True,true,0,,True,True,12524,c9f1427c86a3d4493bc8ddd04cdca3c754b2e4762f41599b9f3a7fa36254cfaf
default,baseline_terms,False,60,baseline,181431542,153288000,97628000,164544512,bytes,True,true,0,,True,True,12524,c9f1427c86a3d4493bc8ddd04cdca3c754b2e4762f41599b9f3a7fa36254cfaf
default,baseline_terms,False,60,candidate,128235375,103907000,96517000,163348480,bytes,True,true,0,,True,True,12524,c9f1427c86a3d4493bc8ddd04cdca3c754b2e4762f41599b9f3a7fa36254cfaf
default,baseline_terms,False,61,candidate,124818833,98564000,100619000,164216832,bytes,True,true,0,,True,True,12524,c9f1427c86a3d4493bc8ddd04cdca3c754b2e4762f41599b9f3a7fa36254cfaf
default,baseline_terms,False,61,baseline,188009208,151855000,87684000,164184064,bytes,True,true,0,,True,True,12524,c9f1427c86a3d4493bc8ddd04cdca3c754b2e4762f41599b9f3a7fa36254cfaf
default,baseline_terms,False,62,baseline,176896459,150069000,95151000,163971072,bytes,True,true,0,,True,True,12524,c9f1427c86a3d4493bc8ddd04cdca3c754b2e4762f41599b9f3a7fa36254cfaf
default,baseline_terms,False,62,candidate,124030541,101992000,87919000,163692544,bytes,True,true,0,,True,True,12524,c9f1427c86a3d4493bc8ddd04cdca3c754b2e4762f41599b9f3a7fa36254cfaf
default,baseline_terms,False,63,candidate,126994000,100749000,97273000,163741696,bytes,True,true,0,,True,True,12524,c9f1427c86a3d4493bc8ddd04cdca3c754b2e4762f41599b9f3a7fa36254cfaf
default,baseline_terms,False,63,baseline,166298208,146990000,83523000,164249600,bytes,True,true,0,,True,True,12524,c9f1427c86a3d4493bc8ddd04cdca3c754b2e4762f41599b9f3a7fa36254cfaf
default,baseline_terms,False,64,baseline,164989334,144114000,84887000,163987456,bytes,True,true,0,,True,True,12524,c9f1427c86a3d4493bc8ddd04cdca3c754b2e4762f41599b9f3a7fa36254cfaf
default,baseline_terms,False,64,candidate,109877834,94222000,80089000,163987456,bytes,True,true,0,,True,True,12524,c9f1427c86a3d4493bc8ddd04cdca3c754b2e4762f41599b9f3a7fa36254cfaf
default,baseline_terms,False,65,candidate,109443916,93314000,79742000,164397056,bytes,True,true,0,,True,True,12524,c9f1427c86a3d4493bc8ddd04cdca3c754b2e4762f41599b9f3a7fa36254cfaf
default,baseline_terms,False,65,baseline,167188500,145519000,86204000,163987456,bytes,True,true,0,,True,True,12524,c9f1427c86a3d4493bc8ddd04cdca3c754b2e4762f41599b9f3a7fa36254cfaf
default,baseline_terms,False,66,baseline,163490542,145608000,78281000,164249600,bytes,True,true,0,,True,True,12524,c9f1427c86a3d4493bc8ddd04cdca3c754b2e4762f41599b9f3a7fa36254cfaf
default,baseline_terms,False,66,candidate,109958583,95295000,80163000,163938304,bytes,True,true,0,,True,True,12524,c9f1427c86a3d4493bc8ddd04cdca3c754b2e4762f41599b9f3a7fa36254cfaf
default,baseline_terms,False,67,candidate,115855000,96488000,86672000,163807232,bytes,True,true,0,,True,True,12524,c9f1427c86a3d4493bc8ddd04cdca3c754b2e4762f41599b9f3a7fa36254cfaf
default,baseline_terms,False,67,baseline,160839584,142677000,76532000,164282368,bytes,True,true,0,,True,True,12524,c9f1427c86a3d4493bc8ddd04cdca3c754b2e4762f41599b9f3a7fa36254cfaf
default,baseline_terms,False,68,baseline,162177333,144047000,84921000,164020224,bytes,True,true,0,,True,True,12524,c9f1427c86a3d4493bc8ddd04cdca3c754b2e4762f41599b9f3a7fa36254cfaf
default,baseline_terms,False,68,candidate,109273833,94738000,80342000,164495360,bytes,True,true,0,,True,True,12524,c9f1427c86a3d4493bc8ddd04cdca3c754b2e4762f41599b9f3a7fa36254cfaf
default,baseline_terms,False,69,candidate,123168709,106289000,93088000,164069376,bytes,True,true,0,,True,True,12524,c9f1427c86a3d4493bc8ddd04cdca3c754b2e4762f41599b9f3a7fa36254cfaf
default,baseline_terms,False,69,baseline,164299209,145026000,86150000,164233216,bytes,True,true,0,,True,True,12524,c9f1427c86a3d4493bc8ddd04cdca3c754b2e4762f41599b9f3a7fa36254cfaf
default,baseline_terms,False,70,baseline,165762334,142455000,86671000,163905536,bytes,True,true,0,,True,True,12524,c9f1427c86a3d4493bc8ddd04cdca3c754b2e4762f41599b9f3a7fa36254cfaf
default,baseline_terms,False,70,candidate,113021291,94775000,78858000,164233216,bytes,True,true,0,,True,True,12524,c9f1427c86a3d4493bc8ddd04cdca3c754b2e4762f41599b9f3a7fa36254cfaf
default,baseline_terms,False,71,candidate,122334583,99182000,86621000,163954688,bytes,True,true,0,,True,True,12524,c9f1427c86a3d4493bc8ddd04cdca3c754b2e4762f41599b9f3a7fa36254cfaf
default,baseline_terms,False,71,baseline,177411958,151857000,90943000,163479552,bytes,True,true,0,,True,True,12524,c9f1427c86a3d4493bc8ddd04cdca3c754b2e4762f41599b9f3a7fa36254cfaf
default,baseline_terms,False,72,baseline,172355583,147565000,86705000,164642816,bytes,True,true,0,,True,True,12524,c9f1427c86a3d4493bc8ddd04cdca3c754b2e4762f41599b9f3a7fa36254cfaf
default,baseline_terms,False,72,candidate,112728833,98111000,84747000,164151296,bytes,True,true,0,,True,True,12524,c9f1427c86a3d4493bc8ddd04cdca3c754b2e4762f41599b9f3a7fa36254cfaf
default,baseline_terms,False,73,candidate,111169791,96810000,77387000,164020224,bytes,True,true,0,,True,True,12524,c9f1427c86a3d4493bc8ddd04cdca3c754b2e4762f41599b9f3a7fa36254cfaf
default,baseline_terms,False,73,baseline,164264334,142689000,85289000,163823616,bytes,True,true,0,,True,True,12524,c9f1427c86a3d4493bc8ddd04cdca3c754b2e4762f41599b9f3a7fa36254cfaf
default,baseline_terms,False,74,baseline,180450458,153515000,89038000,164315136,bytes,True,true,0,,True,True,12524,c9f1427c86a3d4493bc8ddd04cdca3c754b2e4762f41599b9f3a7fa36254cfaf
default,baseline_terms,False,74,candidate,143603250,103247000,92202000,163774464,bytes,True,true,0,,True,True,12524,c9f1427c86a3d4493bc8ddd04cdca3c754b2e4762f41599b9f3a7fa36254cfaf
default,baseline_terms,False,75,candidate,122583750,99909000,94007000,164134912,bytes,True,true,0,,True,True,12524,c9f1427c86a3d4493bc8ddd04cdca3c754b2e4762f41599b9f3a7fa36254cfaf
default,baseline_terms,False,75,baseline,170705667,148450000,80255000,164347904,bytes,True,true,0,,True,True,12524,c9f1427c86a3d4493bc8ddd04cdca3c754b2e4762f41599b9f3a7fa36254cfaf
default,baseline_terms,False,76,baseline,167744250,146041000,94320000,164970496,bytes,True,true,0,,True,True,12524,c9f1427c86a3d4493bc8ddd04cdca3c754b2e4762f41599b9f3a7fa36254cfaf
default,baseline_terms,False,76,candidate,115034667,98700000,82285000,163725312,bytes,True,true,0,,True,True,12524,c9f1427c86a3d4493bc8ddd04cdca3c754b2e4762f41599b9f3a7fa36254cfaf
default,baseline_terms,False,77,candidate,117397125,99111000,85843000,164184064,bytes,True,true,0,,True,True,12524,c9f1427c86a3d4493bc8ddd04cdca3c754b2e4762f41599b9f3a7fa36254cfaf
default,baseline_terms,False,77,baseline,176680334,150449000,82568000,164069376,bytes,True,true,0,,True,True,12524,c9f1427c86a3d4493bc8ddd04cdca3c754b2e4762f41599b9f3a7fa36254cfaf
default,baseline_terms,False,78,baseline,170879458,148485000,87161000,164610048,bytes,True,true,0,,True,True,12524,c9f1427c86a3d4493bc8ddd04cdca3c754b2e4762f41599b9f3a7fa36254cfaf
default,baseline_terms,False,78,candidate,112841917,96716000,77784000,163708928,bytes,True,true,0,,True,True,12524,c9f1427c86a3d4493bc8ddd04cdca3c754b2e4762f41599b9f3a7fa36254cfaf
default,baseline_terms,False,79,candidate,113932334,96453000,83290000,163610624,bytes,True,true,0,,True,True,12524,c9f1427c86a3d4493bc8ddd04cdca3c754b2e4762f41599b9f3a7fa36254cfaf
default,baseline_terms,False,79,baseline,177226417,148300000,85262000,164462592,bytes,True,true,0,,True,True,12524,c9f1427c86a3d4493bc8ddd04cdca3c754b2e4762f41599b9f3a7fa36254cfaf
default,baseline_terms,False,80,baseline,164907250,146276000,85928000,164265984,bytes,True,true,0,,True,True,12524,c9f1427c86a3d4493bc8ddd04cdca3c754b2e4762f41599b9f3a7fa36254cfaf
default,baseline_terms,False,80,candidate,134690834,101515000,90097000,163840000,bytes,True,true,0,,True,True,12524,c9f1427c86a3d4493bc8ddd04cdca3c754b2e4762f41599b9f3a7fa36254cfaf
default,baseline_terms,False,81,candidate,122114792,99568000,90651000,163790848,bytes,True,true,0,,True,True,12524,c9f1427c86a3d4493bc8ddd04cdca3c754b2e4762f41599b9f3a7fa36254cfaf
default,baseline_terms,False,81,baseline,173959625,149363000,85499000,163692544,bytes,True,true,0,,True,True,12524,c9f1427c86a3d4493bc8ddd04cdca3c754b2e4762f41599b9f3a7fa36254cfaf
default,baseline_terms,False,82,baseline,173984250,151460000,77839000,164118528,bytes,True,true,0,,True,True,12524,c9f1427c86a3d4493bc8ddd04cdca3c754b2e4762f41599b9f3a7fa36254cfaf
default,baseline_terms,False,82,candidate,134798541,101774000,91992000,163495936,bytes,True,true,0,,True,True,12524,c9f1427c86a3d4493bc8ddd04cdca3c754b2e4762f41599b9f3a7fa36254cfaf
default,baseline_terms,False,83,candidate,123724500,98823000,86487000,164036608,bytes,True,true,0,,True,True,12524,c9f1427c86a3d4493bc8ddd04cdca3c754b2e4762f41599b9f3a7fa36254cfaf
default,baseline_terms,False,83,baseline,178786125,148211000,89583000,164151296,bytes,True,true,0,,True,True,12524,c9f1427c86a3d4493bc8ddd04cdca3c754b2e4762f41599b9f3a7fa36254cfaf
default,baseline_terms,False,84,baseline,176878834,152145000,78113000,163872768,bytes,True,true,0,,True,True,12524,c9f1427c86a3d4493bc8ddd04cdca3c754b2e4762f41599b9f3a7fa36254cfaf
default,baseline_terms,False,84,candidate,133480958,97716000,91315000,163627008,bytes,True,true,0,,True,True,12524,c9f1427c86a3d4493bc8ddd04cdca3c754b2e4762f41599b9f3a7fa36254cfaf
default,baseline_terms,False,85,candidate,115518709,98330000,78960000,164102144,bytes,True,true,0,,True,True,12524,c9f1427c86a3d4493bc8ddd04cdca3c754b2e4762f41599b9f3a7fa36254cfaf
default,baseline_terms,False,85,baseline,166842250,145326000,78380000,163741696,bytes,True,true,0,,True,True,12524,c9f1427c86a3d4493bc8ddd04cdca3c754b2e4762f41599b9f3a7fa36254cfaf
default,baseline_terms,False,86,baseline,165581875,145203000,86450000,164626432,bytes,True,true,0,,True,True,12524,c9f1427c86a3d4493bc8ddd04cdca3c754b2e4762f41599b9f3a7fa36254cfaf
default,baseline_terms,False,86,candidate,110988584,95307000,81129000,164265984,bytes,True,true,0,,True,True,12524,c9f1427c86a3d4493bc8ddd04cdca3c754b2e4762f41599b9f3a7fa36254cfaf
default,baseline_terms,False,87,candidate,110537583,95091000,78631000,164282368,bytes,True,true,0,,True,True,12524,c9f1427c86a3d4493bc8ddd04cdca3c754b2e4762f41599b9f3a7fa36254cfaf
default,baseline_terms,False,87,baseline,161037333,142732000,77003000,164429824,bytes,True,true,0,,True,True,12524,c9f1427c86a3d4493bc8ddd04cdca3c754b2e4762f41599b9f3a7fa36254cfaf
default,baseline_terms,False,88,baseline,164541958,144743000,85097000,164134912,bytes,True,true,0,,True,True,12524,c9f1427c86a3d4493bc8ddd04cdca3c754b2e4762f41599b9f3a7fa36254cfaf
default,baseline_terms,False,88,candidate,113662083,97127000,77736000,164020224,bytes,True,true,0,,True,True,12524,c9f1427c86a3d4493bc8ddd04cdca3c754b2e4762f41599b9f3a7fa36254cfaf
default,baseline_terms,False,89,candidate,117071542,99496000,84013000,163971072,bytes,True,true,0,,True,True,12524,c9f1427c86a3d4493bc8ddd04cdca3c754b2e4762f41599b9f3a7fa36254cfaf
default,baseline_terms,False,89,baseline,165715583,147999000,81642000,164249600,bytes,True,true,0,,True,True,12524,c9f1427c86a3d4493bc8ddd04cdca3c754b2e4762f41599b9f3a7fa36254cfaf
default,baseline_terms,False,90,baseline,164638750,145005000,90152000,163905536,bytes,True,true,0,,True,True,12524,c9f1427c86a3d4493bc8ddd04cdca3c754b2e4762f41599b9f3a7fa36254cfaf
default,baseline_terms,False,90,candidate,110146542,93972000,78325000,164020224,bytes,True,true,0,,True,True,12524,c9f1427c86a3d4493bc8ddd04cdca3c754b2e4762f41599b9f3a7fa36254cfaf
default,baseline_terms,False,91,candidate,113390167,95582000,87259000,163987456,bytes,True,true,0,,True,True,12524,c9f1427c86a3d4493bc8ddd04cdca3c754b2e4762f41599b9f3a7fa36254cfaf
default,baseline_terms,False,91,baseline,177375125,152430000,84246000,163659776,bytes,True,true,0,,True,True,12524,c9f1427c86a3d4493bc8ddd04cdca3c754b2e4762f41599b9f3a7fa36254cfaf
default,baseline_terms,False,92,baseline,171581041,145866000,89273000,163823616,bytes,True,true,0,,True,True,12524,c9f1427c86a3d4493bc8ddd04cdca3c754b2e4762f41599b9f3a7fa36254cfaf
default,baseline_terms,False,92,candidate,112315583,96277000,85150000,163954688,bytes,True,true,0,,True,True,12524,c9f1427c86a3d4493bc8ddd04cdca3c754b2e4762f41599b9f3a7fa36254cfaf
default,baseline_terms,False,93,candidate,129642834,104202000,92713000,163414016,bytes,True,true,0,,True,True,12524,c9f1427c86a3d4493bc8ddd04cdca3c754b2e4762f41599b9f3a7fa36254cfaf
default,baseline_terms,False,93,baseline,184853417,155501000,94712000,164003840,bytes,True,true,0,,True,True,12524,c9f1427c86a3d4493bc8ddd04cdca3c754b2e4762f41599b9f3a7fa36254cfaf
default,baseline_terms,False,94,baseline,206495209,167648000,97448000,164167680,bytes,True,true,0,,True,True,12524,c9f1427c86a3d4493bc8ddd04cdca3c754b2e4762f41599b9f3a7fa36254cfaf
default,baseline_terms,False,94,candidate,137519834,104793000,96910000,163987456,bytes,True,true,0,,True,True,12524,c9f1427c86a3d4493bc8ddd04cdca3c754b2e4762f41599b9f3a7fa36254cfaf
default,baseline_terms,False,95,candidate,136197583,101259000,91139000,163282944,bytes,True,true,0,,True,True,12524,c9f1427c86a3d4493bc8ddd04cdca3c754b2e4762f41599b9f3a7fa36254cfaf
default,baseline_terms,False,95,baseline,176393125,150585000,87412000,163971072,bytes,True,true,0,,True,True,12524,c9f1427c86a3d4493bc8ddd04cdca3c754b2e4762f41599b9f3a7fa36254cfaf
default,baseline_terms,False,96,baseline,187009208,153419000,98720000,163807232,bytes,True,true,0,,True,True,12524,c9f1427c86a3d4493bc8ddd04cdca3c754b2e4762f41599b9f3a7fa36254cfaf
default,baseline_terms,False,96,candidate,113626625,98078000,81557000,164020224,bytes,True,true,0,,True,True,12524,c9f1427c86a3d4493bc8ddd04cdca3c754b2e4762f41599b9f3a7fa36254cfaf
default,baseline_terms,False,97,candidate,117530959,97704000,87882000,163676160,bytes,True,true,0,,True,True,12524,c9f1427c86a3d4493bc8ddd04cdca3c754b2e4762f41599b9f3a7fa36254cfaf
default,baseline_terms,False,97,baseline,168492833,145714000,88668000,164560896,bytes,True,true,0,,True,True,12524,c9f1427c86a3d4493bc8ddd04cdca3c754b2e4762f41599b9f3a7fa36254cfaf
default,baseline_terms,False,98,baseline,180545125,154430000,85042000,164151296,bytes,True,true,0,,True,True,12524,c9f1427c86a3d4493bc8ddd04cdca3c754b2e4762f41599b9f3a7fa36254cfaf
default,baseline_terms,False,98,candidate,114196375,99119000,83802000,163758080,bytes,True,true,0,,True,True,12524,c9f1427c86a3d4493bc8ddd04cdca3c754b2e4762f41599b9f3a7fa36254cfaf
default,baseline_terms,False,99,candidate,145826709,107316000,91141000,163692544,bytes,True,true,0,,True,True,12524,c9f1427c86a3d4493bc8ddd04cdca3c754b2e4762f41599b9f3a7fa36254cfaf
default,baseline_terms,False,99,baseline,236256209,173689000,108576000,163856384,bytes,True,true,0,,True,True,12524,c9f1427c86a3d4493bc8ddd04cdca3c754b2e4762f41599b9f3a7fa36254cfaf
default,named_definition,True,0,baseline,219221250,167095000,108018000,163561472,bytes,True,true,0,,True,True,13016,7a2343f7061f8776e30a5699ceed9f3bd3c1f60ad809fd10998d264f1522df90
default,named_definition,True,0,candidate,155787125,106902000,95116000,163495936,bytes,True,true,0,,True,True,13016,7a2343f7061f8776e30a5699ceed9f3bd3c1f60ad809fd10998d264f1522df90
default,named_definition,True,1,candidate,133116000,103052000,89767000,163512320,bytes,True,true,0,,True,True,13016,7a2343f7061f8776e30a5699ceed9f3bd3c1f60ad809fd10998d264f1522df90
default,named_definition,True,1,baseline,181925083,156058000,91883000,163856384,bytes,True,true,0,,True,True,13016,7a2343f7061f8776e30a5699ceed9f3bd3c1f60ad809fd10998d264f1522df90
default,named_definition,True,2,baseline,183822209,154304000,91333000,164085760,bytes,True,true,0,,True,True,13016,7a2343f7061f8776e30a5699ceed9f3bd3c1f60ad809fd10998d264f1522df90
default,named_definition,True,2,candidate,138548625,106640000,98579000,163921920,bytes,True,true,0,,True,True,13016,7a2343f7061f8776e30a5699ceed9f3bd3c1f60ad809fd10998d264f1522df90
default,named_definition,False,0,baseline,190785959,154348000,80724000,164675584,bytes,True,true,0,,True,True,13016,7a2343f7061f8776e30a5699ceed9f3bd3c1f60ad809fd10998d264f1522df90
default,named_definition,False,0,candidate,119595791,99534000,86035000,164282368,bytes,True,true,0,,True,True,13016,7a2343f7061f8776e30a5699ceed9f3bd3c1f60ad809fd10998d264f1522df90
default,named_definition,False,1,candidate,122077584,100414000,93660000,164347904,bytes,True,true,0,,True,True,13016,7a2343f7061f8776e30a5699ceed9f3bd3c1f60ad809fd10998d264f1522df90
default,named_definition,False,1,baseline,203322125,165497000,109420000,164544512,bytes,True,true,0,,True,True,13016,7a2343f7061f8776e30a5699ceed9f3bd3c1f60ad809fd10998d264f1522df90
default,named_definition,False,2,baseline,177598875,152168000,87960000,164397056,bytes,True,true,0,,True,True,13016,7a2343f7061f8776e30a5699ceed9f3bd3c1f60ad809fd10998d264f1522df90
default,named_definition,False,2,candidate,156610334,111364000,91773000,163905536,bytes,True,true,0,,True,True,13016,7a2343f7061f8776e30a5699ceed9f3bd3c1f60ad809fd10998d264f1522df90
default,named_definition,False,3,candidate,119578459,101090000,88749000,164036608,bytes,True,true,0,,True,True,13016,7a2343f7061f8776e30a5699ceed9f3bd3c1f60ad809fd10998d264f1522df90
default,named_definition,False,3,baseline,178545416,153100000,92091000,165576704,bytes,True,true,0,,True,True,13016,7a2343f7061f8776e30a5699ceed9f3bd3c1f60ad809fd10998d264f1522df90
default,named_definition,False,4,baseline,170793292,149459000,87086000,165019648,bytes,True,true,0,,True,True,13016,7a2343f7061f8776e30a5699ceed9f3bd3c1f60ad809fd10998d264f1522df90
default,named_definition,False,4,candidate,114893959,100412000,84752000,163938304,bytes,True,true,0,,True,True,13016,7a2343f7061f8776e30a5699ceed9f3bd3c1f60ad809fd10998d264f1522df90
default,named_definition,False,5,candidate,114181042,97576000,77725000,163479552,bytes,True,true,0,,True,True,13016,7a2343f7061f8776e30a5699ceed9f3bd3c1f60ad809fd10998d264f1522df90
default,named_definition,False,5,baseline,185333041,154964000,93011000,164249600,bytes,True,true,0,,True,True,13016,7a2343f7061f8776e30a5699ceed9f3bd3c1f60ad809fd10998d264f1522df90
default,named_definition,False,6,baseline,190169042,156263000,90075000,164298752,bytes,True,true,0,,True,True,13016,7a2343f7061f8776e30a5699ceed9f3bd3c1f60ad809fd10998d264f1522df90
default,named_definition,False,6,candidate,141544208,109857000,94651000,163954688,bytes,True,true,0,,True,True,13016,7a2343f7061f8776e30a5699ceed9f3bd3c1f60ad809fd10998d264f1522df90
default,named_definition,False,7,candidate,131078459,104514000,87617000,164052992,bytes,True,true,0,,True,True,13016,7a2343f7061f8776e30a5699ceed9f3bd3c1f60ad809fd10998d264f1522df90
default,named_definition,False,7,baseline,190644708,158003000,102996000,164364288,bytes,True,true,0,,True,True,13016,7a2343f7061f8776e30a5699ceed9f3bd3c1f60ad809fd10998d264f1522df90
default,named_definition,False,8,baseline,180735250,155714000,96454000,165347328,bytes,True,true,0,,True,True,13016,7a2343f7061f8776e30a5699ceed9f3bd3c1f60ad809fd10998d264f1522df90
default,named_definition,False,8,candidate,129816208,101038000,94458000,164167680,bytes,True,true,0,,True,True,13016,7a2343f7061f8776e30a5699ceed9f3bd3c1f60ad809fd10998d264f1522df90
default,named_definition,False,9,candidate,119215291,100881000,82952000,164249600,bytes,True,true,0,,True,True,13016,7a2343f7061f8776e30a5699ceed9f3bd3c1f60ad809fd10998d264f1522df90
default,named_definition,False,9,baseline,166397125,147518000,87594000,164134912,bytes,True,true,0,,True,True,13016,7a2343f7061f8776e30a5699ceed9f3bd3c1f60ad809fd10998d264f1522df90
default,named_definition,False,10,baseline,180229875,154883000,85382000,164429824,bytes,True,true,0,,True,True,13016,7a2343f7061f8776e30a5699ceed9f3bd3c1f60ad809fd10998d264f1522df90
default,named_definition,False,10,candidate,123241500,98305000,90228000,163921920,bytes,True,true,0,,True,True,13016,7a2343f7061f8776e30a5699ceed9f3bd3c1f60ad809fd10998d264f1522df90
default,named_definition,False,11,candidate,114143292,97101000,77179000,164102144,bytes,True,true,0,,True,True,13016,7a2343f7061f8776e30a5699ceed9f3bd3c1f60ad809fd10998d264f1522df90
default,named_definition,False,11,baseline,166970291,147353000,85731000,164036608,bytes,True,true,0,,True,True,13016,7a2343f7061f8776e30a5699ceed9f3bd3c1f60ad809fd10998d264f1522df90
default,named_definition,False,12,baseline,178938125,153738000,84698000,164085760,bytes,True,true,0,,True,True,13016,7a2343f7061f8776e30a5699ceed9f3bd3c1f60ad809fd10998d264f1522df90
default,named_definition,False,12,candidate,126552417,100814000,95656000,163889152,bytes,True,true,0,,True,True,13016,7a2343f7061f8776e30a5699ceed9f3bd3c1f60ad809fd10998d264f1522df90
default,named_definition,False,13,candidate,119716834,100867000,86028000,163807232,bytes,True,true,0,,True,True,13016,7a2343f7061f8776e30a5699ceed9f3bd3c1f60ad809fd10998d264f1522df90
default,named_definition,False,13,baseline,174391000,150395000,92824000,164249600,bytes,True,true,0,,True,True,13016,7a2343f7061f8776e30a5699ceed9f3bd3c1f60ad809fd10998d264f1522df90
default,named_definition,False,14,baseline,169392083,148776000,84371000,164020224,bytes,True,true,0,,True,True,13016,7a2343f7061f8776e30a5699ceed9f3bd3c1f60ad809fd10998d264f1522df90
default,named_definition,False,14,candidate,121466667,100620000,87233000,164265984,bytes,True,true,0,,True,True,13016,7a2343f7061f8776e30a5699ceed9f3bd3c1f60ad809fd10998d264f1522df90
default,named_definition,False,15,candidate,124730333,91579000,82827000,213139456,bytes,True,true,0,,True,True,13016,7a2343f7061f8776e30a5699ceed9f3bd3c1f60ad809fd10998d264f1522df90
default,named_definition,False,15,baseline,169995417,150195000,85278000,164118528,bytes,True,true,0,,True,True,13016,7a2343f7061f8776e30a5699ceed9f3bd3c1f60ad809fd10998d264f1522df90
default,named_definition,False,16,baseline,195164500,157595000,83948000,164413440,bytes,True,true,0,,True,True,13016,7a2343f7061f8776e30a5699ceed9f3bd3c1f60ad809fd10998d264f1522df90
default,named_definition,False,16,candidate,115724625,96675000,88834000,164233216,bytes,True,true,0,,True,True,13016,7a2343f7061f8776e30a5699ceed9f3bd3c1f60ad809fd10998d264f1522df90
default,named_definition,False,17,candidate,111012625,95258000,79948000,163594240,bytes,True,true,0,,True,True,13016,7a2343f7061f8776e30a5699ceed9f3bd3c1f60ad809fd10998d264f1522df90
default,named_definition,False,17,baseline,165373875,147606000,79167000,164282368,bytes,True,true,0,,True,True,13016,7a2343f7061f8776e30a5699ceed9f3bd3c1f60ad809fd10998d264f1522df90
default,named_definition,False,18,baseline,162519083,145332000,75360000,164249600,bytes,True,true,0,,True,True,13016,7a2343f7061f8776e30a5699ceed9f3bd3c1f60ad809fd10998d264f1522df90
default,named_definition,False,18,candidate,115898416,99634000,80601000,164102144,bytes,True,true,0,,True,True,13016,7a2343f7061f8776e30a5699ceed9f3bd3c1f60ad809fd10998d264f1522df90
default,named_definition,False,19,candidate,115985875,96582000,84050000,163512320,bytes,True,true,0,,True,True,13016,7a2343f7061f8776e30a5699ceed9f3bd3c1f60ad809fd10998d264f1522df90
default,named_definition,False,19,baseline,187209792,153732000,88087000,163954688,bytes,True,true,0,,True,True,13016,7a2343f7061f8776e30a5699ceed9f3bd3c1f60ad809fd10998d264f1522df90
default,named_definition,False,20,baseline,170531834,149496000,84860000,164118528,bytes,True,true,0,,True,True,13016,7a2343f7061f8776e30a5699ceed9f3bd3c1f60ad809fd10998d264f1522df90
default,named_definition,False,20,candidate,115026917,98925000,84764000,163889152,bytes,True,true,0,,True,True,13016,7a2343f7061f8776e30a5699ceed9f3bd3c1f60ad809fd10998d264f1522df90
default,named_definition,False,21,candidate,112169583,97931000,78836000,164036608,bytes,True,true,0,,True,True,13016,7a2343f7061f8776e30a5699ceed9f3bd3c1f60ad809fd10998d264f1522df90
default,named_definition,False,21,baseline,170349625,148756000,89588000,164495360,bytes,True,true,0,,True,True,13016,7a2343f7061f8776e30a5699ceed9f3bd3c1f60ad809fd10998d264f1522df90
default,named_definition,False,22,baseline,163542041,144627000,82511000,164347904,bytes,True,true,0,,True,True,13016,7a2343f7061f8776e30a5699ceed9f3bd3c1f60ad809fd10998d264f1522df90
default,named_definition,False,22,candidate,112475333,97465000,78711000,163921920,bytes,True,true,0,,True,True,13016,7a2343f7061f8776e30a5699ceed9f3bd3c1f60ad809fd10998d264f1522df90
default,named_definition,False,23,candidate,112035125,96944000,82441000,163610624,bytes,True,true,0,,True,True,13016,7a2343f7061f8776e30a5699ceed9f3bd3c1f60ad809fd10998d264f1522df90
default,named_definition,False,23,baseline,173287208,149523000,86621000,165298176,bytes,True,true,0,,True,True,13016,7a2343f7061f8776e30a5699ceed9f3bd3c1f60ad809fd10998d264f1522df90
default,named_definition,False,24,baseline,170622542,150240000,84466000,164134912,bytes,True,true,0,,True,True,13016,7a2343f7061f8776e30a5699ceed9f3bd3c1f60ad809fd10998d264f1522df90
default,named_definition,False,24,candidate,116274250,100635000,78732000,163889152,bytes,True,true,0,,True,True,13016,7a2343f7061f8776e30a5699ceed9f3bd3c1f60ad809fd10998d264f1522df90
default,named_definition,False,25,candidate,121574583,103022000,89543000,163938304,bytes,True,true,0,,True,True,13016,7a2343f7061f8776e30a5699ceed9f3bd3c1f60ad809fd10998d264f1522df90
default,named_definition,False,25,baseline,167698209,148229000,83443000,164708352,bytes,True,true,0,,True,True,13016,7a2343f7061f8776e30a5699ceed9f3bd3c1f60ad809fd10998d264f1522df90
default,named_definition,False,26,baseline,167361625,146818000,80213000,164380672,bytes,True,true,0,,True,True,13016,7a2343f7061f8776e30a5699ceed9f3bd3c1f60ad809fd10998d264f1522df90
default,named_definition,False,26,candidate,110960292,96339000,81359000,164003840,bytes,True,true,0,,True,True,13016,7a2343f7061f8776e30a5699ceed9f3bd3c1f60ad809fd10998d264f1522df90
default,named_definition,False,27,candidate,111137542,96332000,74942000,164528128,bytes,True,true,0,,True,True,13016,7a2343f7061f8776e30a5699ceed9f3bd3c1f60ad809fd10998d264f1522df90
default,named_definition,False,27,baseline,175650125,152092000,85164000,165068800,bytes,True,true,0,,True,True,13016,7a2343f7061f8776e30a5699ceed9f3bd3c1f60ad809fd10998d264f1522df90
default,named_definition,False,28,baseline,174074375,151540000,89333000,163872768,bytes,True,true,0,,True,True,13016,7a2343f7061f8776e30a5699ceed9f3bd3c1f60ad809fd10998d264f1522df90
default,named_definition,False,28,candidate,111313667,95945000,83651000,163790848,bytes,True,true,0,,True,True,13016,7a2343f7061f8776e30a5699ceed9f3bd3c1f60ad809fd10998d264f1522df90
default,named_definition,False,29,candidate,121700167,102379000,84019000,163594240,bytes,True,true,0,,True,True,13016,7a2343f7061f8776e30a5699ceed9f3bd3c1f60ad809fd10998d264f1522df90
default,named_definition,False,29,baseline,171650250,151249000,86294000,163987456,bytes,True,true,0,,True,True,13016,7a2343f7061f8776e30a5699ceed9f3bd3c1f60ad809fd10998d264f1522df90
default,named_definition,False,30,baseline,162999083,145369000,82434000,164184064,bytes,True,true,0,,True,True,13016,7a2343f7061f8776e30a5699ceed9f3bd3c1f60ad809fd10998d264f1522df90
default,named_definition,False,30,candidate,112497041,98180000,81063000,163659776,bytes,True,true,0,,True,True,13016,7a2343f7061f8776e30a5699ceed9f3bd3c1f60ad809fd10998d264f1522df90
default,named_definition,False,31,candidate,108162292,95471000,78100000,164184064,bytes,True,true,0,,True,True,13016,7a2343f7061f8776e30a5699ceed9f3bd3c1f60ad809fd10998d264f1522df90
default,named_definition,False,31,baseline,165382917,147630000,82388000,164216832,bytes,True,true,0,,True,True,13016,7a2343f7061f8776e30a5699ceed9f3bd3c1f60ad809fd10998d264f1522df90
default,named_definition,False,32,baseline,166417458,145641000,80687000,163889152,bytes,True,true,0,,True,True,13016,7a2343f7061f8776e30a5699ceed9f3bd3c1f60ad809fd10998d264f1522df90
default,named_definition,False,32,candidate,117277417,98484000,83038000,164085760,bytes,True,true,0,,True,True,13016,7a2343f7061f8776e30a5699ceed9f3bd3c1f60ad809fd10998d264f1522df90
default,named_definition,False,33,candidate,111939917,95648000,84783000,163971072,bytes,True,true,0,,True,True,13016,7a2343f7061f8776e30a5699ceed9f3bd3c1f60ad809fd10998d264f1522df90
default,named_definition,False,33,baseline,169128750,148591000,81787000,164069376,bytes,True,true,0,,True,True,13016,7a2343f7061f8776e30a5699ceed9f3bd3c1f60ad809fd10998d264f1522df90
default,named_definition,False,34,baseline,181834417,153040000,95489000,164184064,bytes,True,true,0,,True,True,13016,7a2343f7061f8776e30a5699ceed9f3bd3c1f60ad809fd10998d264f1522df90
default,named_definition,False,34,candidate,113235125,98295000,79639000,163840000,bytes,True,true,0,,True,True,13016,7a2343f7061f8776e30a5699ceed9f3bd3c1f60ad809fd10998d264f1522df90
default,named_definition,False,35,candidate,112496792,98770000,80012000,163840000,bytes,True,true,0,,True,True,13016,7a2343f7061f8776e30a5699ceed9f3bd3c1f60ad809fd10998d264f1522df90
default,named_definition,False,35,baseline,167562458,148136000,88310000,164216832,bytes,True,true,0,,True,True,13016,7a2343f7061f8776e30a5699ceed9f3bd3c1f60ad809fd10998d264f1522df90
default,named_definition,False,36,baseline,169438666,147775000,82092000,164495360,bytes,True,true,0,,True,True,13016,7a2343f7061f8776e30a5699ceed9f3bd3c1f60ad809fd10998d264f1522df90
default,named_definition,False,36,candidate,113246292,96788000,83919000,164675584,bytes,True,true,0,,True,True,13016,7a2343f7061f8776e30a5699ceed9f3bd3c1f60ad809fd10998d264f1522df90
default,named_definition,False,37,candidate,114351250,97890000,83223000,164577280,bytes,True,true,0,,True,True,13016,7a2343f7061f8776e30a5699ceed9f3bd3c1f60ad809fd10998d264f1522df90
default,named_definition,False,37,baseline,180828584,155009000,90317000,164495360,bytes,True,true,0,,True,True,13016,7a2343f7061f8776e30a5699ceed9f3bd3c1f60ad809fd10998d264f1522df90
default,named_definition,False,38,baseline,178086667,155007000,89946000,163856384,bytes,True,true,0,,True,True,13016,7a2343f7061f8776e30a5699ceed9f3bd3c1f60ad809fd10998d264f1522df90
default,named_definition,False,38,candidate,116792541,100334000,78396000,163954688,bytes,True,true,0,,True,True,13016,7a2343f7061f8776e30a5699ceed9f3bd3c1f60ad809fd10998d264f1522df90
default,named_definition,False,39,candidate,112978792,97749000,81320000,163627008,bytes,True,true,0,,True,True,13016,7a2343f7061f8776e30a5699ceed9f3bd3c1f60ad809fd10998d264f1522df90
default,named_definition,False,39,baseline,169480000,147868000,82407000,164282368,bytes,True,true,0,,True,True,13016,7a2343f7061f8776e30a5699ceed9f3bd3c1f60ad809fd10998d264f1522df90
default,named_definition,False,40,baseline,164464167,144624000,81531000,163938304,bytes,True,true,0,,True,True,13016,7a2343f7061f8776e30a5699ceed9f3bd3c1f60ad809fd10998d264f1522df90
default,named_definition,False,40,candidate,114412459,98700000,76604000,163971072,bytes,True,true,0,,True,True,13016,7a2343f7061f8776e30a5699ceed9f3bd3c1f60ad809fd10998d264f1522df90
default,named_definition,False,41,candidate,113616708,97928000,78742000,163676160,bytes,True,true,0,,True,True,13016,7a2343f7061f8776e30a5699ceed9f3bd3c1f60ad809fd10998d264f1522df90
default,named_definition,False,41,baseline,170708542,149846000,81204000,164446208,bytes,True,true,0,,True,True,13016,7a2343f7061f8776e30a5699ceed9f3bd3c1f60ad809fd10998d264f1522df90
default,named_definition,False,42,baseline,173752000,150439000,91140000,164397056,bytes,True,true,0,,True,True,13016,7a2343f7061f8776e30a5699ceed9f3bd3c1f60ad809fd10998d264f1522df90
default,named_definition,False,42,candidate,111057792,97200000,77593000,163430400,bytes,True,true,0,,True,True,13016,7a2343f7061f8776e30a5699ceed9f3bd3c1f60ad809fd10998d264f1522df90
default,named_definition,False,43,candidate,120556584,100638000,92447000,163921920,bytes,True,true,0,,True,True,13016,7a2343f7061f8776e30a5699ceed9f3bd3c1f60ad809fd10998d264f1522df90
default,named_definition,False,43,baseline,173078375,150731000,86507000,164528128,bytes,True,true,0,,True,True,13016,7a2343f7061f8776e30a5699ceed9f3bd3c1f60ad809fd10998d264f1522df90
default,named_definition,False,44,baseline,170471666,150906000,78406000,164069376,bytes,True,true,0,,True,True,13016,7a2343f7061f8776e30a5699ceed9f3bd3c1f60ad809fd10998d264f1522df90
default,named_definition,False,44,candidate,122123042,99312000,83685000,163889152,bytes,True,true,0,,True,True,13016,7a2343f7061f8776e30a5699ceed9f3bd3c1f60ad809fd10998d264f1522df90
default,named_definition,False,45,candidate,110904500,96999000,77386000,164462592,bytes,True,true,0,,True,True,13016,7a2343f7061f8776e30a5699ceed9f3bd3c1f60ad809fd10998d264f1522df90
default,named_definition,False,45,baseline,170291958,150985000,78441000,164626432,bytes,True,true,0,,True,True,13016,7a2343f7061f8776e30a5699ceed9f3bd3c1f60ad809fd10998d264f1522df90
default,named_definition,False,46,baseline,165694583,145181000,80115000,164151296,bytes,True,true,0,,True,True,13016,7a2343f7061f8776e30a5699ceed9f3bd3c1f60ad809fd10998d264f1522df90
default,named_definition,False,46,candidate,119277000,98682000,83250000,163430400,bytes,True,true,0,,True,True,13016,7a2343f7061f8776e30a5699ceed9f3bd3c1f60ad809fd10998d264f1522df90
default,named_definition,False,47,candidate,114404792,97670000,86753000,164184064,bytes,True,true,0,,True,True,13016,7a2343f7061f8776e30a5699ceed9f3bd3c1f60ad809fd10998d264f1522df90
default,named_definition,False,47,baseline,175478958,152354000,79142000,163840000,bytes,True,true,0,,True,True,13016,7a2343f7061f8776e30a5699ceed9f3bd3c1f60ad809fd10998d264f1522df90
default,named_definition,False,48,baseline,197244208,160645000,94637000,164085760,bytes,True,true,0,,True,True,13016,7a2343f7061f8776e30a5699ceed9f3bd3c1f60ad809fd10998d264f1522df90
default,named_definition,False,48,candidate,115666500,97584000,86912000,164003840,bytes,True,true,0,,True,True,13016,7a2343f7061f8776e30a5699ceed9f3bd3c1f60ad809fd10998d264f1522df90
default,named_definition,False,49,candidate,112832625,96946000,80625000,164102144,bytes,True,true,0,,True,True,13016,7a2343f7061f8776e30a5699ceed9f3bd3c1f60ad809fd10998d264f1522df90
default,named_definition,False,49,baseline,166009625,146112000,81421000,163692544,bytes,True,true,0,,True,True,13016,7a2343f7061f8776e30a5699ceed9f3bd3c1f60ad809fd10998d264f1522df90
default,named_definition,False,50,baseline,167033209,146842000,80643000,164331520,bytes,True,true,0,,True,True,13016,7a2343f7061f8776e30a5699ceed9f3bd3c1f60ad809fd10998d264f1522df90
default,named_definition,False,50,candidate,107945125,96335000,78187000,164036608,bytes,True,true,0,,True,True,13016,7a2343f7061f8776e30a5699ceed9f3bd3c1f60ad809fd10998d264f1522df90
default,named_definition,False,51,candidate,110725792,97011000,75052000,163479552,bytes,True,true,0,,True,True,13016,7a2343f7061f8776e30a5699ceed9f3bd3c1f60ad809fd10998d264f1522df90
default,named_definition,False,51,baseline,170705125,150706000,84331000,163840000,bytes,True,true,0,,True,True,13016,7a2343f7061f8776e30a5699ceed9f3bd3c1f60ad809fd10998d264f1522df90
default,named_definition,False,52,baseline,231927041,162357000,75426000,164167680,bytes,True,true,0,,True,True,13016,7a2343f7061f8776e30a5699ceed9f3bd3c1f60ad809fd10998d264f1522df90
default,named_definition,False,52,candidate,127816167,101761000,97543000,163397632,bytes,True,true,0,,True,True,13016,7a2343f7061f8776e30a5699ceed9f3bd3c1f60ad809fd10998d264f1522df90
default,named_definition,False,53,candidate,109810084,97072000,80479000,163938304,bytes,True,true,0,,True,True,13016,7a2343f7061f8776e30a5699ceed9f3bd3c1f60ad809fd10998d264f1522df90
default,named_definition,False,53,baseline,167156667,147745000,79139000,164331520,bytes,True,true,0,,True,True,13016,7a2343f7061f8776e30a5699ceed9f3bd3c1f60ad809fd10998d264f1522df90
default,named_definition,False,54,baseline,166914584,148541000,74600000,164413440,bytes,True,true,0,,True,True,13016,7a2343f7061f8776e30a5699ceed9f3bd3c1f60ad809fd10998d264f1522df90
default,named_definition,False,54,candidate,109133459,94234000,79784000,163708928,bytes,True,true,0,,True,True,13016,7a2343f7061f8776e30a5699ceed9f3bd3c1f60ad809fd10998d264f1522df90
default,named_definition,False,55,candidate,120370500,100318000,84108000,164380672,bytes,True,true,0,,True,True,13016,7a2343f7061f8776e30a5699ceed9f3bd3c1f60ad809fd10998d264f1522df90
default,named_definition,False,55,baseline,182000792,153288000,94372000,164315136,bytes,True,true,0,,True,True,13016,7a2343f7061f8776e30a5699ceed9f3bd3c1f60ad809fd10998d264f1522df90
default,named_definition,False,56,baseline,165990834,148198000,69775000,164446208,bytes,True,true,0,,True,True,13016,7a2343f7061f8776e30a5699ceed9f3bd3c1f60ad809fd10998d264f1522df90
default,named_definition,False,56,candidate,117900000,101151000,80920000,163692544,bytes,True,true,0,,True,True,13016,7a2343f7061f8776e30a5699ceed9f3bd3c1f60ad809fd10998d264f1522df90
default,named_definition,False,57,candidate,141885458,106642000,86291000,164003840,bytes,True,true,0,,True,True,13016,7a2343f7061f8776e30a5699ceed9f3bd3c1f60ad809fd10998d264f1522df90
default,named_definition,False,57,baseline,182524541,153063000,93534000,164134912,bytes,True,true,0,,True,True,13016,7a2343f7061f8776e30a5699ceed9f3bd3c1f60ad809fd10998d264f1522df90
default,named_definition,False,58,baseline,179116708,154276000,93156000,163627008,bytes,True,true,0,,True,True,13016,7a2343f7061f8776e30a5699ceed9f3bd3c1f60ad809fd10998d264f1522df90
default,named_definition,False,58,candidate,130621334,103539000,90094000,164200448,bytes,True,true,0,,True,True,13016,7a2343f7061f8776e30a5699ceed9f3bd3c1f60ad809fd10998d264f1522df90
default,named_definition,False,59,candidate,114414583,99617000,81516000,163971072,bytes,True,true,0,,True,True,13016,7a2343f7061f8776e30a5699ceed9f3bd3c1f60ad809fd10998d264f1522df90
default,named_definition,False,59,baseline,181336500,153259000,88789000,164560896,bytes,True,true,0,,True,True,13016,7a2343f7061f8776e30a5699ceed9f3bd3c1f60ad809fd10998d264f1522df90
default,named_definition,False,60,baseline,173809667,152625000,84014000,164315136,bytes,True,true,0,,True,True,13016,7a2343f7061f8776e30a5699ceed9f3bd3c1f60ad809fd10998d264f1522df90
default,named_definition,False,60,candidate,112950792,96051000,80903000,163315712,bytes,True,true,0,,True,True,13016,7a2343f7061f8776e30a5699ceed9f3bd3c1f60ad809fd10998d264f1522df90
default,named_definition,False,61,candidate,108567000,94156000,69336000,163954688,bytes,True,true,0,,True,True,13016,7a2343f7061f8776e30a5699ceed9f3bd3c1f60ad809fd10998d264f1522df90
default,named_definition,False,61,baseline,168518250,149721000,74812000,164085760,bytes,True,true,0,,True,True,13016,7a2343f7061f8776e30a5699ceed9f3bd3c1f60ad809fd10998d264f1522df90
default,named_definition,False,62,baseline,191000833,155102000,90533000,164675584,bytes,True,true,0,,True,True,13016,7a2343f7061f8776e30a5699ceed9f3bd3c1f60ad809fd10998d264f1522df90
default,named_definition,False,62,candidate,108682958,95655000,73147000,164380672,bytes,True,true,0,,True,True,13016,7a2343f7061f8776e30a5699ceed9f3bd3c1f60ad809fd10998d264f1522df90
default,named_definition,False,63,candidate,106099084,94837000,70321000,164020224,bytes,True,true,0,,True,True,13016,7a2343f7061f8776e30a5699ceed9f3bd3c1f60ad809fd10998d264f1522df90
default,named_definition,False,63,baseline,160066333,143192000,69599000,163954688,bytes,True,true,0,,True,True,13016,7a2343f7061f8776e30a5699ceed9f3bd3c1f60ad809fd10998d264f1522df90
default,named_definition,False,64,baseline,165168583,147552000,75665000,164691968,bytes,True,true,0,,True,True,13016,7a2343f7061f8776e30a5699ceed9f3bd3c1f60ad809fd10998d264f1522df90
default,named_definition,False,64,candidate,106978792,93441000,76750000,163987456,bytes,True,true,0,,True,True,13016,7a2343f7061f8776e30a5699ceed9f3bd3c1f60ad809fd10998d264f1522df90
default,named_definition,False,65,candidate,107460625,93747000,70746000,163971072,bytes,True,true,0,,True,True,13016,7a2343f7061f8776e30a5699ceed9f3bd3c1f60ad809fd10998d264f1522df90
default,named_definition,False,65,baseline,159245459,143803000,68005000,164265984,bytes,True,true,0,,True,True,13016,7a2343f7061f8776e30a5699ceed9f3bd3c1f60ad809fd10998d264f1522df90
default,named_definition,False,66,baseline,161768666,145475000,73644000,164429824,bytes,True,true,0,,True,True,13016,7a2343f7061f8776e30a5699ceed9f3bd3c1f60ad809fd10998d264f1522df90
default,named_definition,False,66,candidate,113296041,95625000,73928000,163725312,bytes,True,true,0,,True,True,13016,7a2343f7061f8776e30a5699ceed9f3bd3c1f60ad809fd10998d264f1522df90
default,named_definition,False,67,candidate,115541709,98444000,78559000,164052992,bytes,True,true,0,,True,True,13016,7a2343f7061f8776e30a5699ceed9f3bd3c1f60ad809fd10998d264f1522df90
default,named_definition,False,67,baseline,165991750,147937000,77543000,164495360,bytes,True,true,0,,True,True,13016,7a2343f7061f8776e30a5699ceed9f3bd3c1f60ad809fd10998d264f1522df90
default,named_definition,False,68,baseline,161530125,145808000,69550000,164265984,bytes,True,true,0,,True,True,13016,7a2343f7061f8776e30a5699ceed9f3bd3c1f60ad809fd10998d264f1522df90
default,named_definition,False,68,candidate,119409875,102073000,78446000,163217408,bytes,True,true,0,,True,True,13016,7a2343f7061f8776e30a5699ceed9f3bd3c1f60ad809fd10998d264f1522df90
default,named_definition,False,69,candidate,113891292,99468000,75364000,163954688,bytes,True,true,0,,True,True,13016,7a2343f7061f8776e30a5699ceed9f3bd3c1f60ad809fd10998d264f1522df90
default,named_definition,False,69,baseline,161239250,144928000,76200000,164151296,bytes,True,true,0,,True,True,13016,7a2343f7061f8776e30a5699ceed9f3bd3c1f60ad809fd10998d264f1522df90
default,named_definition,False,70,baseline,167559583,147029000,76763000,164610048,bytes,True,true,0,,True,True,13016,7a2343f7061f8776e30a5699ceed9f3bd3c1f60ad809fd10998d264f1522df90
default,named_definition,False,70,candidate,111608791,96021000,76814000,164003840,bytes,True,true,0,,True,True,13016,7a2343f7061f8776e30a5699ceed9f3bd3c1f60ad809fd10998d264f1522df90
default,named_definition,False,71,candidate,110306709,97506000,72823000,164315136,bytes,True,true,0,,True,True,13016,7a2343f7061f8776e30a5699ceed9f3bd3c1f60ad809fd10998d264f1522df90
default,named_definition,False,71,baseline,174013541,151845000,85524000,164200448,bytes,True,true,0,,True,True,13016,7a2343f7061f8776e30a5699ceed9f3bd3c1f60ad809fd10998d264f1522df90
default,named_definition,False,72,baseline,166364208,145985000,76571000,163741696,bytes,True,true,0,,True,True,13016,7a2343f7061f8776e30a5699ceed9f3bd3c1f60ad809fd10998d264f1522df90
default,named_definition,False,72,candidate,107969167,95373000,70969000,163938304,bytes,True,true,0,,True,True,13016,7a2343f7061f8776e30a5699ceed9f3bd3c1f60ad809fd10998d264f1522df90
default,named_definition,False,73,candidate,113463208,97320000,76512000,164184064,bytes,True,true,0,,True,True,13016,7a2343f7061f8776e30a5699ceed9f3bd3c1f60ad809fd10998d264f1522df90
default,named_definition,False,73,baseline,158506792,143384000,67686000,164724736,bytes,True,true,0,,True,True,13016,7a2343f7061f8776e30a5699ceed9f3bd3c1f60ad809fd10998d264f1522df90
default,named_definition,False,74,baseline,161242334,145747000,71475000,164331520,bytes,True,true,0,,True,True,13016,7a2343f7061f8776e30a5699ceed9f3bd3c1f60ad809fd10998d264f1522df90
default,named_definition,False,74,candidate,111069083,95956000,72780000,163905536,bytes,True,true,0,,True,True,13016,7a2343f7061f8776e30a5699ceed9f3bd3c1f60ad809fd10998d264f1522df90
default,named_definition,False,75,candidate,123896125,101897000,87562000,163807232,bytes,True,true,0,,True,True,13016,7a2343f7061f8776e30a5699ceed9f3bd3c1f60ad809fd10998d264f1522df90
default,named_definition,False,75,baseline,166685292,150171000,75995000,164282368,bytes,True,true,0,,True,True,13016,7a2343f7061f8776e30a5699ceed9f3bd3c1f60ad809fd10998d264f1522df90
default,named_definition,False,76,baseline,216595292,159605000,107130000,164069376,bytes,True,true,0,,True,True,13016,7a2343f7061f8776e30a5699ceed9f3bd3c1f60ad809fd10998d264f1522df90
default,named_definition,False,76,candidate,119264667,101993000,79222000,163905536,bytes,True,true,0,,True,True,13016,7a2343f7061f8776e30a5699ceed9f3bd3c1f60ad809fd10998d264f1522df90
default,named_definition,False,77,candidate,114962458,98977000,81961000,163774464,bytes,True,true,0,,True,True,13016,7a2343f7061f8776e30a5699ceed9f3bd3c1f60ad809fd10998d264f1522df90
default,named_definition,False,77,baseline,169943667,153245000,76152000,163971072,bytes,True,true,0,,True,True,13016,7a2343f7061f8776e30a5699ceed9f3bd3c1f60ad809fd10998d264f1522df90
default,named_definition,False,78,baseline,170904584,152661000,81867000,164331520,bytes,True,true,0,,True,True,13016,7a2343f7061f8776e30a5699ceed9f3bd3c1f60ad809fd10998d264f1522df90
default,named_definition,False,78,candidate,129222417,102340000,78344000,164069376,bytes,True,true,0,,True,True,13016,7a2343f7061f8776e30a5699ceed9f3bd3c1f60ad809fd10998d264f1522df90
default,named_definition,False,79,candidate,130140041,105226000,90888000,163676160,bytes,True,true,0,,True,True,13016,7a2343f7061f8776e30a5699ceed9f3bd3c1f60ad809fd10998d264f1522df90
default,named_definition,False,79,baseline,166150458,147397000,81376000,164560896,bytes,True,true,0,,True,True,13016,7a2343f7061f8776e30a5699ceed9f3bd3c1f60ad809fd10998d264f1522df90
default,named_definition,False,80,baseline,167424083,147974000,74545000,164167680,bytes,True,true,0,,True,True,13016,7a2343f7061f8776e30a5699ceed9f3bd3c1f60ad809fd10998d264f1522df90
default,named_definition,False,80,candidate,115987291,98968000,74786000,163856384,bytes,True,true,0,,True,True,13016,7a2343f7061f8776e30a5699ceed9f3bd3c1f60ad809fd10998d264f1522df90
default,named_definition,False,81,candidate,120757833,99305000,78744000,164249600,bytes,True,true,0,,True,True,13016,7a2343f7061f8776e30a5699ceed9f3bd3c1f60ad809fd10998d264f1522df90
default,named_definition,False,81,baseline,169334333,148360000,77737000,164003840,bytes,True,true,0,,True,True,13016,7a2343f7061f8776e30a5699ceed9f3bd3c1f60ad809fd10998d264f1522df90
default,named_definition,False,82,baseline,161448291,145231000,72303000,164462592,bytes,True,true,0,,True,True,13016,7a2343f7061f8776e30a5699ceed9f3bd3c1f60ad809fd10998d264f1522df90
default,named_definition,False,82,candidate,109432042,94509000,71489000,163840000,bytes,True,true,0,,True,True,13016,7a2343f7061f8776e30a5699ceed9f3bd3c1f60ad809fd10998d264f1522df90
default,named_definition,False,83,candidate,106697709,95487000,69402000,163921920,bytes,True,true,0,,True,True,13016,7a2343f7061f8776e30a5699ceed9f3bd3c1f60ad809fd10998d264f1522df90
default,named_definition,False,83,baseline,162948417,144838000,72873000,164233216,bytes,True,true,0,,True,True,13016,7a2343f7061f8776e30a5699ceed9f3bd3c1f60ad809fd10998d264f1522df90
default,named_definition,False,84,baseline,162559042,145737000,75120000,163921920,bytes,True,true,0,,True,True,13016,7a2343f7061f8776e30a5699ceed9f3bd3c1f60ad809fd10998d264f1522df90
default,named_definition,False,84,candidate,113055583,99032000,74702000,164003840,bytes,True,true,0,,True,True,13016,7a2343f7061f8776e30a5699ceed9f3bd3c1f60ad809fd10998d264f1522df90
default,named_definition,False,85,candidate,111275209,97266000,75912000,163921920,bytes,True,true,0,,True,True,13016,7a2343f7061f8776e30a5699ceed9f3bd3c1f60ad809fd10998d264f1522df90
default,named_definition,False,85,baseline,171643584,149476000,88310000,163938304,bytes,True,true,0,,True,True,13016,7a2343f7061f8776e30a5699ceed9f3bd3c1f60ad809fd10998d264f1522df90
default,named_definition,False,86,baseline,181595000,153901000,88629000,164036608,bytes,True,true,0,,True,True,13016,7a2343f7061f8776e30a5699ceed9f3bd3c1f60ad809fd10998d264f1522df90
default,named_definition,False,86,candidate,112194667,98509000,76157000,163528704,bytes,True,true,0,,True,True,13016,7a2343f7061f8776e30a5699ceed9f3bd3c1f60ad809fd10998d264f1522df90
default,named_definition,False,87,candidate,106295208,94195000,74359000,163758080,bytes,True,true,0,,True,True,13016,7a2343f7061f8776e30a5699ceed9f3bd3c1f60ad809fd10998d264f1522df90
default,named_definition,False,87,baseline,165445250,146972000,71073000,164036608,bytes,True,true,0,,True,True,13016,7a2343f7061f8776e30a5699ceed9f3bd3c1f60ad809fd10998d264f1522df90
default,named_definition,False,88,baseline,161564375,144725000,69452000,164380672,bytes,True,true,0,,True,True,13016,7a2343f7061f8776e30a5699ceed9f3bd3c1f60ad809fd10998d264f1522df90
default,named_definition,False,88,candidate,107774875,94143000,69790000,164282368,bytes,True,true,0,,True,True,13016,7a2343f7061f8776e30a5699ceed9f3bd3c1f60ad809fd10998d264f1522df90
default,named_definition,False,89,candidate,108683958,95242000,70028000,163905536,bytes,True,true,0,,True,True,13016,7a2343f7061f8776e30a5699ceed9f3bd3c1f60ad809fd10998d264f1522df90
default,named_definition,False,89,baseline,163057583,145180000,74939000,164265984,bytes,True,true,0,,True,True,13016,7a2343f7061f8776e30a5699ceed9f3bd3c1f60ad809fd10998d264f1522df90
default,named_definition,False,90,baseline,173155166,149360000,81239000,164134912,bytes,True,true,0,,True,True,13016,7a2343f7061f8776e30a5699ceed9f3bd3c1f60ad809fd10998d264f1522df90
default,named_definition,False,90,candidate,111533917,96518000,76389000,163872768,bytes,True,true,0,,True,True,13016,7a2343f7061f8776e30a5699ceed9f3bd3c1f60ad809fd10998d264f1522df90
default,named_definition,False,91,candidate,126521250,103150000,84844000,164020224,bytes,True,true,0,,True,True,13016,7a2343f7061f8776e30a5699ceed9f3bd3c1f60ad809fd10998d264f1522df90
default,named_definition,False,91,baseline,166964500,148155000,75088000,164495360,bytes,True,true,0,,True,True,13016,7a2343f7061f8776e30a5699ceed9f3bd3c1f60ad809fd10998d264f1522df90
default,named_definition,False,92,baseline,160592083,144576000,72911000,163938304,bytes,True,true,0,,True,True,13016,7a2343f7061f8776e30a5699ceed9f3bd3c1f60ad809fd10998d264f1522df90
default,named_definition,False,92,candidate,110267792,94904000,75378000,164151296,bytes,True,true,0,,True,True,13016,7a2343f7061f8776e30a5699ceed9f3bd3c1f60ad809fd10998d264f1522df90
default,named_definition,False,93,candidate,111168791,98223000,70856000,163807232,bytes,True,true,0,,True,True,13016,7a2343f7061f8776e30a5699ceed9f3bd3c1f60ad809fd10998d264f1522df90
default,named_definition,False,93,baseline,162923083,147777000,76887000,164282368,bytes,True,true,0,,True,True,13016,7a2343f7061f8776e30a5699ceed9f3bd3c1f60ad809fd10998d264f1522df90
default,named_definition,False,94,baseline,173647209,149596000,82407000,164478976,bytes,True,true,0,,True,True,13016,7a2343f7061f8776e30a5699ceed9f3bd3c1f60ad809fd10998d264f1522df90
default,named_definition,False,94,candidate,121349541,102377000,84001000,163987456,bytes,True,true,0,,True,True,13016,7a2343f7061f8776e30a5699ceed9f3bd3c1f60ad809fd10998d264f1522df90
default,named_definition,False,95,candidate,111841833,101002000,76815000,164495360,bytes,True,true,0,,True,True,13016,7a2343f7061f8776e30a5699ceed9f3bd3c1f60ad809fd10998d264f1522df90
default,named_definition,False,95,baseline,172730875,150332000,74474000,164626432,bytes,True,true,0,,True,True,13016,7a2343f7061f8776e30a5699ceed9f3bd3c1f60ad809fd10998d264f1522df90
default,named_definition,False,96,baseline,172759125,151162000,88586000,165036032,bytes,True,true,0,,True,True,13016,7a2343f7061f8776e30a5699ceed9f3bd3c1f60ad809fd10998d264f1522df90
default,named_definition,False,96,candidate,179116291,110878000,93908000,163446784,bytes,True,true,0,,True,True,13016,7a2343f7061f8776e30a5699ceed9f3bd3c1f60ad809fd10998d264f1522df90
default,named_definition,False,97,candidate,119643083,99513000,85001000,164118528,bytes,True,true,0,,True,True,13016,7a2343f7061f8776e30a5699ceed9f3bd3c1f60ad809fd10998d264f1522df90
default,named_definition,False,97,baseline,342163334,176469000,109511000,163463168,bytes,True,true,0,,True,True,13016,7a2343f7061f8776e30a5699ceed9f3bd3c1f60ad809fd10998d264f1522df90
default,named_definition,False,98,baseline,183936459,155703000,88466000,164233216,bytes,True,true,0,,True,True,13016,7a2343f7061f8776e30a5699ceed9f3bd3c1f60ad809fd10998d264f1522df90
default,named_definition,False,98,candidate,113025208,98136000,81781000,163807232,bytes,True,true,0,,True,True,13016,7a2343f7061f8776e30a5699ceed9f3bd3c1f60ad809fd10998d264f1522df90
default,named_definition,False,99,candidate,119983084,100466000,79915000,164069376,bytes,True,true,0,,True,True,13016,7a2343f7061f8776e30a5699ceed9f3bd3c1f60ad809fd10998d264f1522df90
default,named_definition,False,99,baseline,177975917,153975000,79582000,164036608,bytes,True,true,0,,True,True,13016,7a2343f7061f8776e30a5699ceed9f3bd3c1f60ad809fd10998d264f1522df90
default,subject_lookup,True,0,baseline,266887458,107131000,170803000,163004416,bytes,True,true,0,,True,True,12725,0f849c2f52290a70394ea6eee44887a8e89a827325f993b8d59cda3697249168
default,subject_lookup,True,0,candidate,190807250,100880000,156123000,157302784,bytes,True,true,0,,True,True,12725,0f849c2f52290a70394ea6eee44887a8e89a827325f993b8d59cda3697249168
default,subject_lookup,True,1,candidate,226389209,105247000,171458000,158416896,bytes,True,true,0,,True,True,12725,0f849c2f52290a70394ea6eee44887a8e89a827325f993b8d59cda3697249168
default,subject_lookup,True,1,baseline,197556042,106707000,161575000,162709504,bytes,True,true,0,,True,True,12725,0f849c2f52290a70394ea6eee44887a8e89a827325f993b8d59cda3697249168
default,subject_lookup,True,2,baseline,199229291,104873000,167963000,163151872,bytes,True,true,0,,True,True,12725,0f849c2f52290a70394ea6eee44887a8e89a827325f993b8d59cda3697249168
default,subject_lookup,True,2,candidate,191315042,98542000,155481000,157876224,bytes,True,true,0,,True,True,12725,0f849c2f52290a70394ea6eee44887a8e89a827325f993b8d59cda3697249168
default,subject_lookup,False,0,baseline,199671667,105710000,162220000,163446784,bytes,True,true,0,,True,True,12725,0f849c2f52290a70394ea6eee44887a8e89a827325f993b8d59cda3697249168
default,subject_lookup,False,0,candidate,195209125,101252000,157472000,158007296,bytes,True,true,0,,True,True,12725,0f849c2f52290a70394ea6eee44887a8e89a827325f993b8d59cda3697249168
default,subject_lookup,False,1,candidate,201029917,100747000,160725000,157171712,bytes,True,true,0,,True,True,12725,0f849c2f52290a70394ea6eee44887a8e89a827325f993b8d59cda3697249168
default,subject_lookup,False,1,baseline,193732250,102935000,159384000,163053568,bytes,True,true,0,,True,True,12725,0f849c2f52290a70394ea6eee44887a8e89a827325f993b8d59cda3697249168
default,subject_lookup,False,2,baseline,189679875,103469000,161412000,162480128,bytes,True,true,0,,True,True,12725,0f849c2f52290a70394ea6eee44887a8e89a827325f993b8d59cda3697249168
default,subject_lookup,False,2,candidate,170215084,96444000,133177000,157777920,bytes,True,true,0,,True,True,12725,0f849c2f52290a70394ea6eee44887a8e89a827325f993b8d59cda3697249168
default,subject_lookup,False,3,candidate,173724000,94603000,130712000,157679616,bytes,True,true,0,,True,True,12725,0f849c2f52290a70394ea6eee44887a8e89a827325f993b8d59cda3697249168
default,subject_lookup,False,3,baseline,166447750,101874000,126697000,163463168,bytes,True,true,0,,True,True,12725,0f849c2f52290a70394ea6eee44887a8e89a827325f993b8d59cda3697249168
default,subject_lookup,False,4,baseline,180927458,103037000,142249000,162791424,bytes,True,true,0,,True,True,12725,0f849c2f52290a70394ea6eee44887a8e89a827325f993b8d59cda3697249168
default,subject_lookup,False,4,candidate,181137416,99882000,142419000,157876224,bytes,True,true,0,,True,True,12725,0f849c2f52290a70394ea6eee44887a8e89a827325f993b8d59cda3697249168
default,subject_lookup,False,5,candidate,186786958,103230000,142214000,157745152,bytes,True,true,0,,True,True,12725,0f849c2f52290a70394ea6eee44887a8e89a827325f993b8d59cda3697249168
default,subject_lookup,False,5,baseline,186111625,102967000,147117000,163495936,bytes,True,true,0,,True,True,12725,0f849c2f52290a70394ea6eee44887a8e89a827325f993b8d59cda3697249168
default,subject_lookup,False,6,baseline,179273167,106422000,139788000,163201024,bytes,True,true,0,,True,True,12725,0f849c2f52290a70394ea6eee44887a8e89a827325f993b8d59cda3697249168
default,subject_lookup,False,6,candidate,168332000,98765000,129243000,157810688,bytes,True,true,0,,True,True,12725,0f849c2f52290a70394ea6eee44887a8e89a827325f993b8d59cda3697249168
default,subject_lookup,False,7,candidate,166619792,97081000,128038000,157990912,bytes,True,true,0,,True,True,12725,0f849c2f52290a70394ea6eee44887a8e89a827325f993b8d59cda3697249168
default,subject_lookup,False,7,baseline,184087625,107986000,137963000,163119104,bytes,True,true,0,,True,True,12725,0f849c2f52290a70394ea6eee44887a8e89a827325f993b8d59cda3697249168
default,subject_lookup,False,8,baseline,200939959,107323000,157725000,162775040,bytes,True,true,0,,True,True,12725,0f849c2f52290a70394ea6eee44887a8e89a827325f993b8d59cda3697249168
default,subject_lookup,False,8,candidate,168855208,98715000,131437000,158367744,bytes,True,true,0,,True,True,12725,0f849c2f52290a70394ea6eee44887a8e89a827325f993b8d59cda3697249168
default,subject_lookup,False,9,candidate,175476250,98260000,137334000,157597696,bytes,True,true,0,,True,True,12725,0f849c2f52290a70394ea6eee44887a8e89a827325f993b8d59cda3697249168
default,subject_lookup,False,9,baseline,203607750,110361000,158247000,162938880,bytes,True,true,0,,True,True,12725,0f849c2f52290a70394ea6eee44887a8e89a827325f993b8d59cda3697249168
default,subject_lookup,False,10,baseline,178562709,104457000,143491000,163495936,bytes,True,true,0,,True,True,12725,0f849c2f52290a70394ea6eee44887a8e89a827325f993b8d59cda3697249168
default,subject_lookup,False,10,candidate,182118583,101212000,144989000,157941760,bytes,True,true,0,,True,True,12725,0f849c2f52290a70394ea6eee44887a8e89a827325f993b8d59cda3697249168
default,subject_lookup,False,11,candidate,177176750,97131000,140042000,158089216,bytes,True,true,0,,True,True,12725,0f849c2f52290a70394ea6eee44887a8e89a827325f993b8d59cda3697249168
default,subject_lookup,False,11,baseline,181604709,104013000,137694000,162955264,bytes,True,true,0,,True,True,12725,0f849c2f52290a70394ea6eee44887a8e89a827325f993b8d59cda3697249168
default,subject_lookup,False,12,baseline,170979042,103403000,133296000,162988032,bytes,True,true,0,,True,True,12725,0f849c2f52290a70394ea6eee44887a8e89a827325f993b8d59cda3697249168
default,subject_lookup,False,12,candidate,173967250,97813000,134955000,158040064,bytes,True,true,0,,True,True,12725,0f849c2f52290a70394ea6eee44887a8e89a827325f993b8d59cda3697249168
default,subject_lookup,False,13,candidate,179917458,98058000,142882000,158351360,bytes,True,true,0,,True,True,12725,0f849c2f52290a70394ea6eee44887a8e89a827325f993b8d59cda3697249168
default,subject_lookup,False,13,baseline,176405709,103305000,132888000,163069952,bytes,True,true,0,,True,True,12725,0f849c2f52290a70394ea6eee44887a8e89a827325f993b8d59cda3697249168
default,subject_lookup,False,14,baseline,168382458,101348000,129328000,162873344,bytes,True,true,0,,True,True,12725,0f849c2f52290a70394ea6eee44887a8e89a827325f993b8d59cda3697249168
default,subject_lookup,False,14,candidate,178886250,96007000,145291000,158285824,bytes,True,true,0,,True,True,12725,0f849c2f52290a70394ea6eee44887a8e89a827325f993b8d59cda3697249168
default,subject_lookup,False,15,candidate,171018666,98152000,129734000,158154752,bytes,True,true,0,,True,True,12725,0f849c2f52290a70394ea6eee44887a8e89a827325f993b8d59cda3697249168
default,subject_lookup,False,15,baseline,216570750,105766000,145801000,163069952,bytes,True,true,0,,True,True,12725,0f849c2f52290a70394ea6eee44887a8e89a827325f993b8d59cda3697249168
default,subject_lookup,False,16,baseline,173093250,103654000,130338000,162529280,bytes,True,true,0,,True,True,12725,0f849c2f52290a70394ea6eee44887a8e89a827325f993b8d59cda3697249168
default,subject_lookup,False,16,candidate,164663083,96215000,121196000,157892608,bytes,True,true,0,,True,True,12725,0f849c2f52290a70394ea6eee44887a8e89a827325f993b8d59cda3697249168
default,subject_lookup,False,17,candidate,165339084,95932000,121818000,157614080,bytes,True,true,0,,True,True,12725,0f849c2f52290a70394ea6eee44887a8e89a827325f993b8d59cda3697249168
default,subject_lookup,False,17,baseline,176122708,101099000,133653000,162988032,bytes,True,true,0,,True,True,12725,0f849c2f52290a70394ea6eee44887a8e89a827325f993b8d59cda3697249168
default,subject_lookup,False,18,baseline,171349667,100353000,130861000,163020800,bytes,True,true,0,,True,True,12725,0f849c2f52290a70394ea6eee44887a8e89a827325f993b8d59cda3697249168
default,subject_lookup,False,18,candidate,187783667,102048000,148829000,158203904,bytes,True,true,0,,True,True,12725,0f849c2f52290a70394ea6eee44887a8e89a827325f993b8d59cda3697249168
default,subject_lookup,False,19,candidate,182297708,99417000,140884000,157696000,bytes,True,true,0,,True,True,12725,0f849c2f52290a70394ea6eee44887a8e89a827325f993b8d59cda3697249168
default,subject_lookup,False,19,baseline,186881625,107056000,142863000,163299328,bytes,True,true,0,,True,True,12725,0f849c2f52290a70394ea6eee44887a8e89a827325f993b8d59cda3697249168
default,subject_lookup,False,20,baseline,216722292,111895000,176336000,162971648,bytes,True,true,0,,True,True,12725,0f849c2f52290a70394ea6eee44887a8e89a827325f993b8d59cda3697249168
default,subject_lookup,False,20,candidate,174360166,100425000,135395000,157908992,bytes,True,true,0,,True,True,12725,0f849c2f52290a70394ea6eee44887a8e89a827325f993b8d59cda3697249168
default,subject_lookup,False,21,candidate,174031083,96097000,138234000,158040064,bytes,True,true,0,,True,True,12725,0f849c2f52290a70394ea6eee44887a8e89a827325f993b8d59cda3697249168
default,subject_lookup,False,21,baseline,165240875,100308000,124066000,163299328,bytes,True,true,0,,True,True,12725,0f849c2f52290a70394ea6eee44887a8e89a827325f993b8d59cda3697249168
default,subject_lookup,False,22,baseline,174429458,100979000,135469000,162938880,bytes,True,true,0,,True,True,12725,0f849c2f52290a70394ea6eee44887a8e89a827325f993b8d59cda3697249168
default,subject_lookup,False,22,candidate,168850875,97097000,127594000,157810688,bytes,True,true,0,,True,True,12725,0f849c2f52290a70394ea6eee44887a8e89a827325f993b8d59cda3697249168
default,subject_lookup,False,23,candidate,174610833,94932000,135915000,157237248,bytes,True,true,0,,True,True,12725,0f849c2f52290a70394ea6eee44887a8e89a827325f993b8d59cda3697249168
default,subject_lookup,False,23,baseline,181932333,108093000,141203000,163135488,bytes,True,true,0,,True,True,12725,0f849c2f52290a70394ea6eee44887a8e89a827325f993b8d59cda3697249168
default,subject_lookup,False,24,baseline,191183042,106851000,155053000,163348480,bytes,True,true,0,,True,True,12725,0f849c2f52290a70394ea6eee44887a8e89a827325f993b8d59cda3697249168
default,subject_lookup,False,24,candidate,176004500,98828000,134747000,157827072,bytes,True,true,0,,True,True,12725,0f849c2f52290a70394ea6eee44887a8e89a827325f993b8d59cda3697249168
default,subject_lookup,False,25,candidate,185014875,100301000,142690000,157745152,bytes,True,true,0,,True,True,12725,0f849c2f52290a70394ea6eee44887a8e89a827325f993b8d59cda3697249168
default,subject_lookup,False,25,baseline,184081459,107669000,147600000,162562048,bytes,True,true,0,,True,True,12725,0f849c2f52290a70394ea6eee44887a8e89a827325f993b8d59cda3697249168
default,subject_lookup,False,26,baseline,170413209,100164000,126593000,163643392,bytes,True,true,0,,True,True,12725,0f849c2f52290a70394ea6eee44887a8e89a827325f993b8d59cda3697249168
default,subject_lookup,False,26,candidate,174469708,95873000,131578000,158334976,bytes,True,true,0,,True,True,12725,0f849c2f52290a70394ea6eee44887a8e89a827325f993b8d59cda3697249168
default,subject_lookup,False,27,candidate,167400791,96537000,131875000,158171136,bytes,True,true,0,,True,True,12725,0f849c2f52290a70394ea6eee44887a8e89a827325f993b8d59cda3697249168
default,subject_lookup,False,27,baseline,179332416,101432000,136348000,162906112,bytes,True,true,0,,True,True,12725,0f849c2f52290a70394ea6eee44887a8e89a827325f993b8d59cda3697249168
default,subject_lookup,False,28,baseline,172684334,104437000,137028000,163037184,bytes,True,true,0,,True,True,12725,0f849c2f52290a70394ea6eee44887a8e89a827325f993b8d59cda3697249168
default,subject_lookup,False,28,candidate,171165292,99414000,132209000,157286400,bytes,True,true,0,,True,True,12725,0f849c2f52290a70394ea6eee44887a8e89a827325f993b8d59cda3697249168
default,subject_lookup,False,29,candidate,177582541,97506000,141374000,157810688,bytes,True,true,0,,True,True,12725,0f849c2f52290a70394ea6eee44887a8e89a827325f993b8d59cda3697249168
default,subject_lookup,False,29,baseline,180515917,103504000,137807000,162807808,bytes,True,true,0,,True,True,12725,0f849c2f52290a70394ea6eee44887a8e89a827325f993b8d59cda3697249168
default,subject_lookup,False,30,baseline,190787542,103994000,153962000,162938880,bytes,True,true,0,,True,True,12725,0f849c2f52290a70394ea6eee44887a8e89a827325f993b8d59cda3697249168
default,subject_lookup,False,30,candidate,170697916,96866000,130688000,157597696,bytes,True,true,0,,True,True,12725,0f849c2f52290a70394ea6eee44887a8e89a827325f993b8d59cda3697249168
default,subject_lookup,False,31,candidate,168544583,96742000,125389000,157581312,bytes,True,true,0,,True,True,12725,0f849c2f52290a70394ea6eee44887a8e89a827325f993b8d59cda3697249168
default,subject_lookup,False,31,baseline,176597333,102459000,133972000,162938880,bytes,True,true,0,,True,True,12725,0f849c2f52290a70394ea6eee44887a8e89a827325f993b8d59cda3697249168
default,subject_lookup,False,32,baseline,177303125,103124000,139345000,162955264,bytes,True,true,0,,True,True,12725,0f849c2f52290a70394ea6eee44887a8e89a827325f993b8d59cda3697249168
default,subject_lookup,False,32,candidate,180926792,103026000,139646000,158416896,bytes,True,true,0,,True,True,12725,0f849c2f52290a70394ea6eee44887a8e89a827325f993b8d59cda3697249168
default,subject_lookup,False,33,candidate,182005375,98005000,140447000,157335552,bytes,True,true,0,,True,True,12725,0f849c2f52290a70394ea6eee44887a8e89a827325f993b8d59cda3697249168
default,subject_lookup,False,33,baseline,188701084,106246000,149938000,163397632,bytes,True,true,0,,True,True,12725,0f849c2f52290a70394ea6eee44887a8e89a827325f993b8d59cda3697249168
default,subject_lookup,False,34,baseline,186590458,103894000,147954000,163381248,bytes,True,true,0,,True,True,12725,0f849c2f52290a70394ea6eee44887a8e89a827325f993b8d59cda3697249168
default,subject_lookup,False,34,candidate,177133083,101299000,136235000,158105600,bytes,True,true,0,,True,True,12725,0f849c2f52290a70394ea6eee44887a8e89a827325f993b8d59cda3697249168
default,subject_lookup,False,35,candidate,180344250,101117000,140558000,158089216,bytes,True,true,0,,True,True,12725,0f849c2f52290a70394ea6eee44887a8e89a827325f993b8d59cda3697249168
default,subject_lookup,False,35,baseline,183529625,104448000,146927000,163561472,bytes,True,true,0,,True,True,12725,0f849c2f52290a70394ea6eee44887a8e89a827325f993b8d59cda3697249168
default,subject_lookup,False,36,baseline,182006166,106980000,142788000,163250176,bytes,True,true,0,,True,True,12725,0f849c2f52290a70394ea6eee44887a8e89a827325f993b8d59cda3697249168
default,subject_lookup,False,36,candidate,182664458,97898000,146876000,157663232,bytes,True,true,0,,True,True,12725,0f849c2f52290a70394ea6eee44887a8e89a827325f993b8d59cda3697249168
default,subject_lookup,False,37,candidate,178219333,100635000,135811000,157368320,bytes,True,true,0,,True,True,12725,0f849c2f52290a70394ea6eee44887a8e89a827325f993b8d59cda3697249168
default,subject_lookup,False,37,baseline,177183959,104696000,136352000,162742272,bytes,True,true,0,,True,True,12725,0f849c2f52290a70394ea6eee44887a8e89a827325f993b8d59cda3697249168
default,subject_lookup,False,38,baseline,188577625,106104000,145643000,163217408,bytes,True,true,0,,True,True,12725,0f849c2f52290a70394ea6eee44887a8e89a827325f993b8d59cda3697249168
default,subject_lookup,False,38,candidate,165346291,97800000,123605000,157663232,bytes,True,true,0,,True,True,12725,0f849c2f52290a70394ea6eee44887a8e89a827325f993b8d59cda3697249168
default,subject_lookup,False,39,candidate,198686042,105434000,143761000,157368320,bytes,True,true,0,,True,True,12725,0f849c2f52290a70394ea6eee44887a8e89a827325f993b8d59cda3697249168
default,subject_lookup,False,39,baseline,233257542,110890000,179086000,163037184,bytes,True,true,0,,True,True,12725,0f849c2f52290a70394ea6eee44887a8e89a827325f993b8d59cda3697249168
default,subject_lookup,False,40,baseline,177268375,106685000,137275000,162660352,bytes,True,true,0,,True,True,12725,0f849c2f52290a70394ea6eee44887a8e89a827325f993b8d59cda3697249168
default,subject_lookup,False,40,candidate,207524208,102968000,159296000,158138368,bytes,True,true,0,,True,True,12725,0f849c2f52290a70394ea6eee44887a8e89a827325f993b8d59cda3697249168
default,subject_lookup,False,41,candidate,200397875,101302000,166462000,158449664,bytes,True,true,0,,True,True,12725,0f849c2f52290a70394ea6eee44887a8e89a827325f993b8d59cda3697249168
default,subject_lookup,False,41,baseline,225029041,109843000,184298000,163627008,bytes,True,true,0,,True,True,12725,0f849c2f52290a70394ea6eee44887a8e89a827325f993b8d59cda3697249168
default,subject_lookup,False,42,baseline,213366209,106186000,177815000,163266560,bytes,True,true,0,,True,True,12725,0f849c2f52290a70394ea6eee44887a8e89a827325f993b8d59cda3697249168
default,subject_lookup,False,42,candidate,205513708,99698000,176169000,158121984,bytes,True,true,0,,True,True,12725,0f849c2f52290a70394ea6eee44887a8e89a827325f993b8d59cda3697249168
default,subject_lookup,False,43,candidate,209251333,101554000,177610000,158334976,bytes,True,true,0,,True,True,12725,0f849c2f52290a70394ea6eee44887a8e89a827325f993b8d59cda3697249168
default,subject_lookup,False,43,baseline,224035667,107549000,187448000,162906112,bytes,True,true,0,,True,True,12725,0f849c2f52290a70394ea6eee44887a8e89a827325f993b8d59cda3697249168
default,subject_lookup,False,44,baseline,202783333,104800000,169318000,163315712,bytes,True,true,0,,True,True,12725,0f849c2f52290a70394ea6eee44887a8e89a827325f993b8d59cda3697249168
default,subject_lookup,False,44,candidate,211030333,101837000,171360000,158597120,bytes,True,true,0,,True,True,12725,0f849c2f52290a70394ea6eee44887a8e89a827325f993b8d59cda3697249168
default,subject_lookup,False,45,candidate,269814167,107119000,191677000,157876224,bytes,True,true,0,,True,True,12725,0f849c2f52290a70394ea6eee44887a8e89a827325f993b8d59cda3697249168
default,subject_lookup,False,45,baseline,298000250,118166000,209993000,163577856,bytes,True,true,0,,True,True,12725,0f849c2f52290a70394ea6eee44887a8e89a827325f993b8d59cda3697249168
default,subject_lookup,False,46,baseline,225148666,111409000,177576000,162938880,bytes,True,true,0,,True,True,12725,0f849c2f52290a70394ea6eee44887a8e89a827325f993b8d59cda3697249168
default,subject_lookup,False,46,candidate,287840958,109458000,178938000,157204480,bytes,True,true,0,,True,True,12725,0f849c2f52290a70394ea6eee44887a8e89a827325f993b8d59cda3697249168
default,subject_lookup,False,47,candidate,216982041,103310000,169937000,157630464,bytes,True,true,0,,True,True,12725,0f849c2f52290a70394ea6eee44887a8e89a827325f993b8d59cda3697249168
default,subject_lookup,False,47,baseline,189800417,107642000,147779000,162840576,bytes,True,true,0,,True,True,12725,0f849c2f52290a70394ea6eee44887a8e89a827325f993b8d59cda3697249168
default,subject_lookup,False,48,baseline,195935875,104885000,157281000,162725888,bytes,True,true,0,,True,True,12725,0f849c2f52290a70394ea6eee44887a8e89a827325f993b8d59cda3697249168
default,subject_lookup,False,48,candidate,205776875,106246000,164976000,157859840,bytes,True,true,0,,True,True,12725,0f849c2f52290a70394ea6eee44887a8e89a827325f993b8d59cda3697249168
default,subject_lookup,False,49,candidate,194739667,103239000,150867000,158040064,bytes,True,true,0,,True,True,12725,0f849c2f52290a70394ea6eee44887a8e89a827325f993b8d59cda3697249168
default,subject_lookup,False,49,baseline,194189791,107302000,153404000,162824192,bytes,True,true,0,,True,True,12725,0f849c2f52290a70394ea6eee44887a8e89a827325f993b8d59cda3697249168
default,subject_lookup,False,50,baseline,195435333,110944000,151284000,162627584,bytes,True,true,0,,True,True,12725,0f849c2f52290a70394ea6eee44887a8e89a827325f993b8d59cda3697249168
default,subject_lookup,False,50,candidate,187501750,102244000,143131000,157908992,bytes,True,true,0,,True,True,12725,0f849c2f52290a70394ea6eee44887a8e89a827325f993b8d59cda3697249168
default,subject_lookup,False,51,candidate,188552209,99784000,152240000,158056448,bytes,True,true,0,,True,True,12725,0f849c2f52290a70394ea6eee44887a8e89a827325f993b8d59cda3697249168
default,subject_lookup,False,51,baseline,176160500,103833000,135844000,162693120,bytes,True,true,0,,True,True,12725,0f849c2f52290a70394ea6eee44887a8e89a827325f993b8d59cda3697249168
default,subject_lookup,False,52,baseline,171368125,99927000,133059000,162709504,bytes,True,true,0,,True,True,12725,0f849c2f52290a70394ea6eee44887a8e89a827325f993b8d59cda3697249168
default,subject_lookup,False,52,candidate,177751916,100322000,134573000,158416896,bytes,True,true,0,,True,True,12725,0f849c2f52290a70394ea6eee44887a8e89a827325f993b8d59cda3697249168
default,subject_lookup,False,53,candidate,188763542,101530000,150411000,157696000,bytes,True,true,0,,True,True,12725,0f849c2f52290a70394ea6eee44887a8e89a827325f993b8d59cda3697249168
default,subject_lookup,False,53,baseline,173734208,103312000,136646000,163381248,bytes,True,true,0,,True,True,12725,0f849c2f52290a70394ea6eee44887a8e89a827325f993b8d59cda3697249168
default,subject_lookup,False,54,baseline,205998917,108380000,162151000,162971648,bytes,True,true,0,,True,True,12725,0f849c2f52290a70394ea6eee44887a8e89a827325f993b8d59cda3697249168
default,subject_lookup,False,54,candidate,183198250,99162000,147219000,157532160,bytes,True,true,0,,True,True,12725,0f849c2f52290a70394ea6eee44887a8e89a827325f993b8d59cda3697249168
default,subject_lookup,False,55,candidate,169324625,98539000,132811000,157908992,bytes,True,true,0,,True,True,12725,0f849c2f52290a70394ea6eee44887a8e89a827325f993b8d59cda3697249168
default,subject_lookup,False,55,baseline,180166709,105768000,137381000,163233792,bytes,True,true,0,,True,True,12725,0f849c2f52290a70394ea6eee44887a8e89a827325f993b8d59cda3697249168
default,subject_lookup,False,56,baseline,202231834,109702000,160788000,162627584,bytes,True,true,0,,True,True,12725,0f849c2f52290a70394ea6eee44887a8e89a827325f993b8d59cda3697249168
default,subject_lookup,False,56,candidate,223810000,105879000,171896000,157859840,bytes,True,true,0,,True,True,12725,0f849c2f52290a70394ea6eee44887a8e89a827325f993b8d59cda3697249168
default,subject_lookup,False,57,candidate,201903542,101174000,163645000,157138944,bytes,True,true,0,,True,True,12725,0f849c2f52290a70394ea6eee44887a8e89a827325f993b8d59cda3697249168
default,subject_lookup,False,57,baseline,198127667,108391000,159889000,163282944,bytes,True,true,0,,True,True,12725,0f849c2f52290a70394ea6eee44887a8e89a827325f993b8d59cda3697249168
default,subject_lookup,False,58,baseline,183335792,105025000,142490000,162791424,bytes,True,true,0,,True,True,12725,0f849c2f52290a70394ea6eee44887a8e89a827325f993b8d59cda3697249168
default,subject_lookup,False,58,candidate,189427917,104484000,149977000,157761536,bytes,True,true,0,,True,True,12725,0f849c2f52290a70394ea6eee44887a8e89a827325f993b8d59cda3697249168
default,subject_lookup,False,59,candidate,182085125,101153000,139207000,157433856,bytes,True,true,0,,True,True,12725,0f849c2f52290a70394ea6eee44887a8e89a827325f993b8d59cda3697249168
default,subject_lookup,False,59,baseline,205406167,112212000,159453000,162922496,bytes,True,true,0,,True,True,12725,0f849c2f52290a70394ea6eee44887a8e89a827325f993b8d59cda3697249168
default,subject_lookup,False,60,baseline,214444166,116828000,165471000,163069952,bytes,True,true,0,,True,True,12725,0f849c2f52290a70394ea6eee44887a8e89a827325f993b8d59cda3697249168
default,subject_lookup,False,60,candidate,193974708,101139000,153811000,157777920,bytes,True,true,0,,True,True,12725,0f849c2f52290a70394ea6eee44887a8e89a827325f993b8d59cda3697249168
default,subject_lookup,False,61,candidate,235708209,110268000,158947000,158105600,bytes,True,true,0,,True,True,12725,0f849c2f52290a70394ea6eee44887a8e89a827325f993b8d59cda3697249168
default,subject_lookup,False,61,baseline,185470458,106103000,141343000,163594240,bytes,True,true,0,,True,True,12725,0f849c2f52290a70394ea6eee44887a8e89a827325f993b8d59cda3697249168
default,subject_lookup,False,62,baseline,182557709,107468000,137903000,162906112,bytes,True,true,0,,True,True,12725,0f849c2f52290a70394ea6eee44887a8e89a827325f993b8d59cda3697249168
default,subject_lookup,False,62,candidate,198395250,104675000,152253000,158220288,bytes,True,true,0,,True,True,12725,0f849c2f52290a70394ea6eee44887a8e89a827325f993b8d59cda3697249168
default,subject_lookup,False,63,candidate,188183709,102499000,144575000,157810688,bytes,True,true,0,,True,True,12725,0f849c2f52290a70394ea6eee44887a8e89a827325f993b8d59cda3697249168
default,subject_lookup,False,63,baseline,233461708,117082000,168878000,162693120,bytes,True,true,0,,True,True,12725,0f849c2f52290a70394ea6eee44887a8e89a827325f993b8d59cda3697249168
default,subject_lookup,False,64,baseline,308501250,123023000,202135000,163069952,bytes,True,true,0,,True,True,12725,0f849c2f52290a70394ea6eee44887a8e89a827325f993b8d59cda3697249168
default,subject_lookup,False,64,candidate,238439209,113148000,175363000,157581312,bytes,True,true,0,,True,True,12725,0f849c2f52290a70394ea6eee44887a8e89a827325f993b8d59cda3697249168
default,subject_lookup,False,65,candidate,199542125,102896000,154273000,157368320,bytes,True,true,0,,True,True,12725,0f849c2f52290a70394ea6eee44887a8e89a827325f993b8d59cda3697249168
default,subject_lookup,False,65,baseline,182140708,108600000,145723000,163020800,bytes,True,true,0,,True,True,12725,0f849c2f52290a70394ea6eee44887a8e89a827325f993b8d59cda3697249168
default,subject_lookup,False,66,baseline,175433458,103798000,135727000,163807232,bytes,True,true,0,,True,True,12725,0f849c2f52290a70394ea6eee44887a8e89a827325f993b8d59cda3697249168
default,subject_lookup,False,66,candidate,185356125,99333000,147048000,157761536,bytes,True,true,0,,True,True,12725,0f849c2f52290a70394ea6eee44887a8e89a827325f993b8d59cda3697249168
default,subject_lookup,False,67,candidate,178215666,101044000,135130000,157990912,bytes,True,true,0,,True,True,12725,0f849c2f52290a70394ea6eee44887a8e89a827325f993b8d59cda3697249168
default,subject_lookup,False,67,baseline,205613792,106942000,157297000,163037184,bytes,True,true,0,,True,True,12725,0f849c2f52290a70394ea6eee44887a8e89a827325f993b8d59cda3697249168
default,subject_lookup,False,68,baseline,185214666,108617000,151379000,162988032,bytes,True,true,0,,True,True,12725,0f849c2f52290a70394ea6eee44887a8e89a827325f993b8d59cda3697249168
default,subject_lookup,False,68,candidate,181279875,101163000,142148000,157777920,bytes,True,true,0,,True,True,12725,0f849c2f52290a70394ea6eee44887a8e89a827325f993b8d59cda3697249168
default,subject_lookup,False,69,candidate,179944875,100494000,138148000,158089216,bytes,True,true,0,,True,True,12725,0f849c2f52290a70394ea6eee44887a8e89a827325f993b8d59cda3697249168
default,subject_lookup,False,69,baseline,197347208,107178000,155327000,163053568,bytes,True,true,0,,True,True,12725,0f849c2f52290a70394ea6eee44887a8e89a827325f993b8d59cda3697249168
default,subject_lookup,False,70,baseline,186000500,106198000,144633000,163577856,bytes,True,true,0,,True,True,12725,0f849c2f52290a70394ea6eee44887a8e89a827325f993b8d59cda3697249168
default,subject_lookup,False,70,candidate,192624083,101873000,149313000,157614080,bytes,True,true,0,,True,True,12725,0f849c2f52290a70394ea6eee44887a8e89a827325f993b8d59cda3697249168
default,subject_lookup,False,71,candidate,187928250,104737000,152280000,158285824,bytes,True,true,0,,True,True,12725,0f849c2f52290a70394ea6eee44887a8e89a827325f993b8d59cda3697249168
default,subject_lookup,False,71,baseline,182231750,106804000,143015000,163119104,bytes,True,true,0,,True,True,12725,0f849c2f52290a70394ea6eee44887a8e89a827325f993b8d59cda3697249168
default,subject_lookup,False,72,baseline,199300417,108005000,161327000,163086336,bytes,True,true,0,,True,True,12725,0f849c2f52290a70394ea6eee44887a8e89a827325f993b8d59cda3697249168
default,subject_lookup,False,72,candidate,171695167,99437000,128768000,158138368,bytes,True,true,0,,True,True,12725,0f849c2f52290a70394ea6eee44887a8e89a827325f993b8d59cda3697249168
default,subject_lookup,False,73,candidate,179875500,97858000,144229000,158187520,bytes,True,true,0,,True,True,12725,0f849c2f52290a70394ea6eee44887a8e89a827325f993b8d59cda3697249168
default,subject_lookup,False,73,baseline,171083791,102929000,130266000,162922496,bytes,True,true,0,,True,True,12725,0f849c2f52290a70394ea6eee44887a8e89a827325f993b8d59cda3697249168
default,subject_lookup,False,74,baseline,177159417,102517000,137920000,162742272,bytes,True,true,0,,True,True,12725,0f849c2f52290a70394ea6eee44887a8e89a827325f993b8d59cda3697249168
default,subject_lookup,False,74,candidate,182661250,101275000,144366000,158318592,bytes,True,true,0,,True,True,12725,0f849c2f52290a70394ea6eee44887a8e89a827325f993b8d59cda3697249168
default,subject_lookup,False,75,candidate,178823166,103102000,140195000,157728768,bytes,True,true,0,,True,True,12725,0f849c2f52290a70394ea6eee44887a8e89a827325f993b8d59cda3697249168
default,subject_lookup,False,75,baseline,175171750,104196000,132783000,163250176,bytes,True,true,0,,True,True,12725,0f849c2f52290a70394ea6eee44887a8e89a827325f993b8d59cda3697249168
default,subject_lookup,False,76,baseline,200359708,108182000,161861000,162873344,bytes,True,true,0,,True,True,12725,0f849c2f52290a70394ea6eee44887a8e89a827325f993b8d59cda3697249168
default,subject_lookup,False,76,candidate,177836917,101302000,133512000,157515776,bytes,True,true,0,,True,True,12725,0f849c2f52290a70394ea6eee44887a8e89a827325f993b8d59cda3697249168
default,subject_lookup,False,77,candidate,180194459,98382000,143320000,157515776,bytes,True,true,0,,True,True,12725,0f849c2f52290a70394ea6eee44887a8e89a827325f993b8d59cda3697249168
default,subject_lookup,False,77,baseline,170585334,102460000,131635000,163135488,bytes,True,true,0,,True,True,12725,0f849c2f52290a70394ea6eee44887a8e89a827325f993b8d59cda3697249168
default,subject_lookup,False,78,baseline,180923417,102344000,144211000,163332096,bytes,True,true,0,,True,True,12725,0f849c2f52290a70394ea6eee44887a8e89a827325f993b8d59cda3697249168
default,subject_lookup,False,78,candidate,172042083,99467000,132022000,157876224,bytes,True,true,0,,True,True,12725,0f849c2f52290a70394ea6eee44887a8e89a827325f993b8d59cda3697249168
default,subject_lookup,False,79,candidate,180645666,98422000,139559000,157777920,bytes,True,true,0,,True,True,12725,0f849c2f52290a70394ea6eee44887a8e89a827325f993b8d59cda3697249168
default,subject_lookup,False,79,baseline,177376542,103704000,142294000,163315712,bytes,True,true,0,,True,True,12725,0f849c2f52290a70394ea6eee44887a8e89a827325f993b8d59cda3697249168
default,subject_lookup,False,80,baseline,176040875,104379000,133127000,163495936,bytes,True,true,0,,True,True,12725,0f849c2f52290a70394ea6eee44887a8e89a827325f993b8d59cda3697249168
default,subject_lookup,False,80,candidate,186707500,99543000,150498000,157286400,bytes,True,true,0,,True,True,12725,0f849c2f52290a70394ea6eee44887a8e89a827325f993b8d59cda3697249168
default,subject_lookup,False,81,candidate,225548834,107839000,148339000,157728768,bytes,True,true,0,,True,True,12725,0f849c2f52290a70394ea6eee44887a8e89a827325f993b8d59cda3697249168
default,subject_lookup,False,81,baseline,169487667,103459000,130743000,163217408,bytes,True,true,0,,True,True,12725,0f849c2f52290a70394ea6eee44887a8e89a827325f993b8d59cda3697249168
default,subject_lookup,False,82,baseline,193199875,108543000,151045000,163135488,bytes,True,true,0,,True,True,12725,0f849c2f52290a70394ea6eee44887a8e89a827325f993b8d59cda3697249168
default,subject_lookup,False,82,candidate,170686750,99430000,130233000,157663232,bytes,True,true,0,,True,True,12725,0f849c2f52290a70394ea6eee44887a8e89a827325f993b8d59cda3697249168
default,subject_lookup,False,83,candidate,199662084,103132000,157848000,157892608,bytes,True,true,0,,True,True,12725,0f849c2f52290a70394ea6eee44887a8e89a827325f993b8d59cda3697249168
default,subject_lookup,False,83,baseline,191477041,108604000,148327000,162676736,bytes,True,true,0,,True,True,12725,0f849c2f52290a70394ea6eee44887a8e89a827325f993b8d59cda3697249168
default,subject_lookup,False,84,baseline,178475083,103673000,140069000,163266560,bytes,True,true,0,,True,True,12725,0f849c2f52290a70394ea6eee44887a8e89a827325f993b8d59cda3697249168
default,subject_lookup,False,84,candidate,180607458,99737000,140903000,158138368,bytes,True,true,0,,True,True,12725,0f849c2f52290a70394ea6eee44887a8e89a827325f993b8d59cda3697249168
default,subject_lookup,False,85,candidate,185874375,101794000,142966000,158105600,bytes,True,true,0,,True,True,12725,0f849c2f52290a70394ea6eee44887a8e89a827325f993b8d59cda3697249168
default,subject_lookup,False,85,baseline,175433542,102482000,140402000,163135488,bytes,True,true,0,,True,True,12725,0f849c2f52290a70394ea6eee44887a8e89a827325f993b8d59cda3697249168
default,subject_lookup,False,86,baseline,177159083,104186000,138941000,163676160,bytes,True,true,0,,True,True,12725,0f849c2f52290a70394ea6eee44887a8e89a827325f993b8d59cda3697249168
default,subject_lookup,False,86,candidate,244911917,106219000,190386000,157990912,bytes,True,true,0,,True,True,12725,0f849c2f52290a70394ea6eee44887a8e89a827325f993b8d59cda3697249168
default,subject_lookup,False,87,candidate,214866292,105478000,150137000,157925376,bytes,True,true,0,,True,True,12725,0f849c2f52290a70394ea6eee44887a8e89a827325f993b8d59cda3697249168
default,subject_lookup,False,87,baseline,185200917,107561000,146043000,162627584,bytes,True,true,0,,True,True,12725,0f849c2f52290a70394ea6eee44887a8e89a827325f993b8d59cda3697249168
default,subject_lookup,False,88,baseline,249332708,110205000,162968000,162922496,bytes,True,true,0,,True,True,12725,0f849c2f52290a70394ea6eee44887a8e89a827325f993b8d59cda3697249168
default,subject_lookup,False,88,candidate,197568917,106928000,156629000,157777920,bytes,True,true,0,,True,True,12725,0f849c2f52290a70394ea6eee44887a8e89a827325f993b8d59cda3697249168
default,subject_lookup,False,89,candidate,187068750,101326000,148482000,158171136,bytes,True,true,0,,True,True,12725,0f849c2f52290a70394ea6eee44887a8e89a827325f993b8d59cda3697249168
default,subject_lookup,False,89,baseline,198347375,107092000,162706000,162791424,bytes,True,true,0,,True,True,12725,0f849c2f52290a70394ea6eee44887a8e89a827325f993b8d59cda3697249168
default,subject_lookup,False,90,baseline,194068333,105897000,155624000,162840576,bytes,True,true,0,,True,True,12725,0f849c2f52290a70394ea6eee44887a8e89a827325f993b8d59cda3697249168
default,subject_lookup,False,90,candidate,189626834,100633000,148657000,158105600,bytes,True,true,0,,True,True,12725,0f849c2f52290a70394ea6eee44887a8e89a827325f993b8d59cda3697249168
default,subject_lookup,False,91,candidate,195308125,103071000,155765000,158056448,bytes,True,true,0,,True,True,12725,0f849c2f52290a70394ea6eee44887a8e89a827325f993b8d59cda3697249168
default,subject_lookup,False,91,baseline,192923459,108583000,152927000,162988032,bytes,True,true,0,,True,True,12725,0f849c2f52290a70394ea6eee44887a8e89a827325f993b8d59cda3697249168
default,subject_lookup,False,92,baseline,184072125,103194000,143403000,163086336,bytes,True,true,0,,True,True,12725,0f849c2f52290a70394ea6eee44887a8e89a827325f993b8d59cda3697249168
default,subject_lookup,False,92,candidate,168902458,97366000,129267000,158269440,bytes,True,true,0,,True,True,12725,0f849c2f52290a70394ea6eee44887a8e89a827325f993b8d59cda3697249168
default,subject_lookup,False,93,candidate,180448333,98980000,139455000,157958144,bytes,True,true,0,,True,True,12725,0f849c2f52290a70394ea6eee44887a8e89a827325f993b8d59cda3697249168
default,subject_lookup,False,93,baseline,185899042,104854000,147857000,163381248,bytes,True,true,0,,True,True,12725,0f849c2f52290a70394ea6eee44887a8e89a827325f993b8d59cda3697249168
default,subject_lookup,False,94,baseline,182259875,104817000,140890000,163086336,bytes,True,true,0,,True,True,12725,0f849c2f52290a70394ea6eee44887a8e89a827325f993b8d59cda3697249168
default,subject_lookup,False,94,candidate,174835292,99182000,134567000,157876224,bytes,True,true,0,,True,True,12725,0f849c2f52290a70394ea6eee44887a8e89a827325f993b8d59cda3697249168
default,subject_lookup,False,95,candidate,174024708,98428000,134451000,157663232,bytes,True,true,0,,True,True,12725,0f849c2f52290a70394ea6eee44887a8e89a827325f993b8d59cda3697249168
default,subject_lookup,False,95,baseline,190411500,107375000,154532000,163397632,bytes,True,true,0,,True,True,12725,0f849c2f52290a70394ea6eee44887a8e89a827325f993b8d59cda3697249168
default,subject_lookup,False,96,baseline,186818708,106992000,142959000,163348480,bytes,True,true,0,,True,True,12725,0f849c2f52290a70394ea6eee44887a8e89a827325f993b8d59cda3697249168
default,subject_lookup,False,96,candidate,205809583,105680000,157433000,207716352,bytes,True,true,0,,True,True,12725,0f849c2f52290a70394ea6eee44887a8e89a827325f993b8d59cda3697249168
default,subject_lookup,False,97,candidate,179907375,99510000,141168000,158023680,bytes,True,true,0,,True,True,12725,0f849c2f52290a70394ea6eee44887a8e89a827325f993b8d59cda3697249168
default,subject_lookup,False,97,baseline,179160292,104911000,138699000,162676736,bytes,True,true,0,,True,True,12725,0f849c2f52290a70394ea6eee44887a8e89a827325f993b8d59cda3697249168
default,subject_lookup,False,98,baseline,191630375,106685000,151602000,162938880,bytes,True,true,0,,True,True,12725,0f849c2f52290a70394ea6eee44887a8e89a827325f993b8d59cda3697249168
default,subject_lookup,False,98,candidate,181632417,101334000,143257000,157712384,bytes,True,true,0,,True,True,12725,0f849c2f52290a70394ea6eee44887a8e89a827325f993b8d59cda3697249168
default,subject_lookup,False,99,candidate,190594250,101087000,150012000,157335552,bytes,True,true,0,,True,True,12725,0f849c2f52290a70394ea6eee44887a8e89a827325f993b8d59cda3697249168
default,subject_lookup,False,99,baseline,190459417,106559000,149524000,162775040,bytes,True,true,0,,True,True,12725,0f849c2f52290a70394ea6eee44887a8e89a827325f993b8d59cda3697249168
default,absent_term,True,0,baseline,163112167,142268000,81010000,163790848,bytes,True,true,0,,True,True,12819,58a491584666acfbed6cc0c5553723e4ce7005aef405810d4a7c374d90127aff
default,absent_term,True,0,candidate,118920167,103274000,82066000,163528704,bytes,True,true,0,,True,True,12819,58a491584666acfbed6cc0c5553723e4ce7005aef405810d4a7c374d90127aff
default,absent_term,True,1,candidate,120905458,98399000,90634000,164036608,bytes,True,true,0,,True,True,12819,58a491584666acfbed6cc0c5553723e4ce7005aef405810d4a7c374d90127aff
default,absent_term,True,1,baseline,167149667,143165000,79724000,164233216,bytes,True,true,0,,True,True,12819,58a491584666acfbed6cc0c5553723e4ce7005aef405810d4a7c374d90127aff
default,absent_term,True,2,baseline,170091708,145243000,81930000,164495360,bytes,True,true,0,,True,True,12819,58a491584666acfbed6cc0c5553723e4ce7005aef405810d4a7c374d90127aff
default,absent_term,True,2,candidate,114162375,96988000,74752000,164265984,bytes,True,true,0,,True,True,12819,58a491584666acfbed6cc0c5553723e4ce7005aef405810d4a7c374d90127aff
default,absent_term,False,0,baseline,161421375,142088000,74645000,164495360,bytes,True,true,0,,True,True,12819,58a491584666acfbed6cc0c5553723e4ce7005aef405810d4a7c374d90127aff
default,absent_term,False,0,candidate,112294709,98000000,78369000,164216832,bytes,True,true,0,,True,True,12819,58a491584666acfbed6cc0c5553723e4ce7005aef405810d4a7c374d90127aff
default,absent_term,False,1,candidate,113798166,96862000,74241000,164233216,bytes,True,true,0,,True,True,12819,58a491584666acfbed6cc0c5553723e4ce7005aef405810d4a7c374d90127aff
default,absent_term,False,1,baseline,172203708,148984000,84600000,164478976,bytes,True,true,0,,True,True,12819,58a491584666acfbed6cc0c5553723e4ce7005aef405810d4a7c374d90127aff
default,absent_term,False,2,baseline,162025625,142822000,81969000,164528128,bytes,True,true,0,,True,True,12819,58a491584666acfbed6cc0c5553723e4ce7005aef405810d4a7c374d90127aff
default,absent_term,False,2,candidate,110609959,95198000,78542000,163823616,bytes,True,true,0,,True,True,12819,58a491584666acfbed6cc0c5553723e4ce7005aef405810d4a7c374d90127aff
default,absent_term,False,3,candidate,109717584,95766000,72008000,163938304,bytes,True,true,0,,True,True,12819,58a491584666acfbed6cc0c5553723e4ce7005aef405810d4a7c374d90127aff
default,absent_term,False,3,baseline,164619083,142687000,83054000,163643392,bytes,True,true,0,,True,True,12819,58a491584666acfbed6cc0c5553723e4ce7005aef405810d4a7c374d90127aff
default,absent_term,False,4,baseline,168841250,145965000,76862000,164429824,bytes,True,true,0,,True,True,12819,58a491584666acfbed6cc0c5553723e4ce7005aef405810d4a7c374d90127aff
default,absent_term,False,4,candidate,116977209,97897000,79440000,163905536,bytes,True,true,0,,True,True,12819,58a491584666acfbed6cc0c5553723e4ce7005aef405810d4a7c374d90127aff
default,absent_term,False,5,candidate,110236458,96583000,80282000,164020224,bytes,True,true,0,,True,True,12819,58a491584666acfbed6cc0c5553723e4ce7005aef405810d4a7c374d90127aff
default,absent_term,False,5,baseline,163248792,142722000,75052000,164511744,bytes,True,true,0,,True,True,12819,58a491584666acfbed6cc0c5553723e4ce7005aef405810d4a7c374d90127aff
default,absent_term,False,6,baseline,163819125,143518000,76653000,164167680,bytes,True,true,0,,True,True,12819,58a491584666acfbed6cc0c5553723e4ce7005aef405810d4a7c374d90127aff
default,absent_term,False,6,candidate,119137083,100669000,83684000,163938304,bytes,True,true,0,,True,True,12819,58a491584666acfbed6cc0c5553723e4ce7005aef405810d4a7c374d90127aff
default,absent_term,False,7,candidate,118214042,100710000,81705000,163676160,bytes,True,true,0,,True,True,12819,58a491584666acfbed6cc0c5553723e4ce7005aef405810d4a7c374d90127aff
default,absent_term,False,7,baseline,179407542,146694000,92197000,163479552,bytes,True,true,0,,True,True,12819,58a491584666acfbed6cc0c5553723e4ce7005aef405810d4a7c374d90127aff
default,absent_term,False,8,baseline,164848875,145933000,74977000,164724736,bytes,True,true,0,,True,True,12819,58a491584666acfbed6cc0c5553723e4ce7005aef405810d4a7c374d90127aff
default,absent_term,False,8,candidate,116866333,97540000,88883000,163561472,bytes,True,true,0,,True,True,12819,58a491584666acfbed6cc0c5553723e4ce7005aef405810d4a7c374d90127aff
default,absent_term,False,9,candidate,117683625,98336000,85437000,163528704,bytes,True,true,0,,True,True,12819,58a491584666acfbed6cc0c5553723e4ce7005aef405810d4a7c374d90127aff
default,absent_term,False,9,baseline,167153500,145622000,82811000,164085760,bytes,True,true,0,,True,True,12819,58a491584666acfbed6cc0c5553723e4ce7005aef405810d4a7c374d90127aff
default,absent_term,False,10,baseline,164607417,144069000,81784000,164298752,bytes,True,true,0,,True,True,12819,58a491584666acfbed6cc0c5553723e4ce7005aef405810d4a7c374d90127aff
default,absent_term,False,10,candidate,117142625,100215000,82739000,163561472,bytes,True,true,0,,True,True,12819,58a491584666acfbed6cc0c5553723e4ce7005aef405810d4a7c374d90127aff
default,absent_term,False,11,candidate,115270958,99358000,77807000,163676160,bytes,True,true,0,,True,True,12819,58a491584666acfbed6cc0c5553723e4ce7005aef405810d4a7c374d90127aff
default,absent_term,False,11,baseline,161334375,141560000,77252000,164200448,bytes,True,true,0,,True,True,12819,58a491584666acfbed6cc0c5553723e4ce7005aef405810d4a7c374d90127aff
default,absent_term,False,12,baseline,219296542,145576000,86389000,163954688,bytes,True,true,0,,True,True,12819,58a491584666acfbed6cc0c5553723e4ce7005aef405810d4a7c374d90127aff
default,absent_term,False,12,candidate,117660625,100035000,79144000,164249600,bytes,True,true,0,,True,True,12819,58a491584666acfbed6cc0c5553723e4ce7005aef405810d4a7c374d90127aff
default,absent_term,False,13,candidate,109970833,93869000,73548000,164233216,bytes,True,true,0,,True,True,12819,58a491584666acfbed6cc0c5553723e4ce7005aef405810d4a7c374d90127aff
default,absent_term,False,13,baseline,167290166,146473000,82434000,164364288,bytes,True,true,0,,True,True,12819,58a491584666acfbed6cc0c5553723e4ce7005aef405810d4a7c374d90127aff
default,absent_term,False,14,baseline,169046792,145861000,83771000,164298752,bytes,True,true,0,,True,True,12819,58a491584666acfbed6cc0c5553723e4ce7005aef405810d4a7c374d90127aff
default,absent_term,False,14,candidate,117768750,98110000,80554000,163840000,bytes,True,true,0,,True,True,12819,58a491584666acfbed6cc0c5553723e4ce7005aef405810d4a7c374d90127aff
default,absent_term,False,15,candidate,117448917,98351000,87731000,164298752,bytes,True,true,0,,True,True,12819,58a491584666acfbed6cc0c5553723e4ce7005aef405810d4a7c374d90127aff
default,absent_term,False,15,baseline,175426041,149214000,88159000,164446208,bytes,True,true,0,,True,True,12819,58a491584666acfbed6cc0c5553723e4ce7005aef405810d4a7c374d90127aff
default,absent_term,False,16,baseline,172083834,150457000,85155000,163823616,bytes,True,true,0,,True,True,12819,58a491584666acfbed6cc0c5553723e4ce7005aef405810d4a7c374d90127aff
default,absent_term,False,16,candidate,115295084,98513000,79036000,164069376,bytes,True,true,0,,True,True,12819,58a491584666acfbed6cc0c5553723e4ce7005aef405810d4a7c374d90127aff
default,absent_term,False,17,candidate,117674792,100731000,83299000,164102144,bytes,True,true,0,,True,True,12819,58a491584666acfbed6cc0c5553723e4ce7005aef405810d4a7c374d90127aff
default,absent_term,False,17,baseline,176798750,149618000,90038000,163397632,bytes,True,true,0,,True,True,12819,58a491584666acfbed6cc0c5553723e4ce7005aef405810d4a7c374d90127aff
default,absent_term,False,18,baseline,168081667,148131000,82582000,164282368,bytes,True,true,0,,True,True,12819,58a491584666acfbed6cc0c5553723e4ce7005aef405810d4a7c374d90127aff
default,absent_term,False,18,candidate,115773458,97105000,82338000,164413440,bytes,True,true,0,,True,True,12819,58a491584666acfbed6cc0c5553723e4ce7005aef405810d4a7c374d90127aff
default,absent_term,False,19,candidate,108705625,95452000,72923000,163790848,bytes,True,true,0,,True,True,12819,58a491584666acfbed6cc0c5553723e4ce7005aef405810d4a7c374d90127aff
default,absent_term,False,19,baseline,164785333,143195000,82584000,163692544,bytes,True,true,0,,True,True,12819,58a491584666acfbed6cc0c5553723e4ce7005aef405810d4a7c374d90127aff
default,absent_term,False,20,baseline,169967292,146879000,80836000,164118528,bytes,True,true,0,,True,True,12819,58a491584666acfbed6cc0c5553723e4ce7005aef405810d4a7c374d90127aff
default,absent_term,False,20,candidate,109923000,95377000,77403000,163463168,bytes,True,true,0,,True,True,12819,58a491584666acfbed6cc0c5553723e4ce7005aef405810d4a7c374d90127aff
default,absent_term,False,21,candidate,114358250,96998000,78509000,163921920,bytes,True,true,0,,True,True,12819,58a491584666acfbed6cc0c5553723e4ce7005aef405810d4a7c374d90127aff
default,absent_term,False,21,baseline,167617250,144433000,78941000,164085760,bytes,True,true,0,,True,True,12819,58a491584666acfbed6cc0c5553723e4ce7005aef405810d4a7c374d90127aff
default,absent_term,False,22,baseline,165704709,142242000,79074000,164626432,bytes,True,true,0,,True,True,12819,58a491584666acfbed6cc0c5553723e4ce7005aef405810d4a7c374d90127aff
default,absent_term,False,22,candidate,112861083,95628000,80509000,164282368,bytes,True,true,0,,True,True,12819,58a491584666acfbed6cc0c5553723e4ce7005aef405810d4a7c374d90127aff
default,absent_term,False,23,candidate,117531625,98358000,81628000,163921920,bytes,True,true,0,,True,True,12819,58a491584666acfbed6cc0c5553723e4ce7005aef405810d4a7c374d90127aff
default,absent_term,False,23,baseline,162018083,141859000,77547000,164134912,bytes,True,true,0,,True,True,12819,58a491584666acfbed6cc0c5553723e4ce7005aef405810d4a7c374d90127aff
default,absent_term,False,24,baseline,169837833,146125000,86054000,164560896,bytes,True,true,0,,True,True,12819,58a491584666acfbed6cc0c5553723e4ce7005aef405810d4a7c374d90127aff
default,absent_term,False,24,candidate,109835500,95368000,72713000,163430400,bytes,True,true,0,,True,True,12819,58a491584666acfbed6cc0c5553723e4ce7005aef405810d4a7c374d90127aff
default,absent_term,False,25,candidate,113219167,97098000,77993000,163971072,bytes,True,true,0,,True,True,12819,58a491584666acfbed6cc0c5553723e4ce7005aef405810d4a7c374d90127aff
default,absent_term,False,25,baseline,164498125,144312000,78036000,164397056,bytes,True,true,0,,True,True,12819,58a491584666acfbed6cc0c5553723e4ce7005aef405810d4a7c374d90127aff
default,absent_term,False,26,baseline,161374792,141036000,75696000,164659200,bytes,True,true,0,,True,True,12819,58a491584666acfbed6cc0c5553723e4ce7005aef405810d4a7c374d90127aff
default,absent_term,False,26,candidate,111758083,94343000,80835000,163741696,bytes,True,true,0,,True,True,12819,58a491584666acfbed6cc0c5553723e4ce7005aef405810d4a7c374d90127aff
default,absent_term,False,27,candidate,114900417,98516000,79921000,163921920,bytes,True,true,0,,True,True,12819,58a491584666acfbed6cc0c5553723e4ce7005aef405810d4a7c374d90127aff
default,absent_term,False,27,baseline,167547917,145239000,78988000,163758080,bytes,True,true,0,,True,True,12819,58a491584666acfbed6cc0c5553723e4ce7005aef405810d4a7c374d90127aff
default,absent_term,False,28,baseline,160837917,143498000,72761000,164560896,bytes,True,true,0,,True,True,12819,58a491584666acfbed6cc0c5553723e4ce7005aef405810d4a7c374d90127aff
default,absent_term,False,28,candidate,111387125,95054000,79123000,163938304,bytes,True,true,0,,True,True,12819,58a491584666acfbed6cc0c5553723e4ce7005aef405810d4a7c374d90127aff
default,absent_term,False,29,candidate,118530333,97856000,79670000,163774464,bytes,True,true,0,,True,True,12819,58a491584666acfbed6cc0c5553723e4ce7005aef405810d4a7c374d90127aff
default,absent_term,False,29,baseline,167525625,145678000,78424000,163971072,bytes,True,true,0,,True,True,12819,58a491584666acfbed6cc0c5553723e4ce7005aef405810d4a7c374d90127aff
default,absent_term,False,30,baseline,166327375,144766000,79528000,164675584,bytes,True,true,0,,True,True,12819,58a491584666acfbed6cc0c5553723e4ce7005aef405810d4a7c374d90127aff
default,absent_term,False,30,candidate,111944083,95840000,72543000,164184064,bytes,True,true,0,,True,True,12819,58a491584666acfbed6cc0c5553723e4ce7005aef405810d4a7c374d90127aff
default,absent_term,False,31,candidate,112725583,94226000,75985000,163725312,bytes,True,true,0,,True,True,12819,58a491584666acfbed6cc0c5553723e4ce7005aef405810d4a7c374d90127aff
default,absent_term,False,31,baseline,164266834,138083000,79318000,236060672,bytes,True,true,0,,True,True,12819,58a491584666acfbed6cc0c5553723e4ce7005aef405810d4a7c374d90127aff
default,absent_term,False,32,baseline,163523166,142138000,76783000,164020224,bytes,True,true,0,,True,True,12819,58a491584666acfbed6cc0c5553723e4ce7005aef405810d4a7c374d90127aff
default,absent_term,False,32,candidate,118368833,96927000,86863000,164167680,bytes,True,true,0,,True,True,12819,58a491584666acfbed6cc0c5553723e4ce7005aef405810d4a7c374d90127aff
default,absent_term,False,33,candidate,113536708,97637000,78301000,164134912,bytes,True,true,0,,True,True,12819,58a491584666acfbed6cc0c5553723e4ce7005aef405810d4a7c374d90127aff
default,absent_term,False,33,baseline,167045583,143600000,82476000,164806656,bytes,True,true,0,,True,True,12819,58a491584666acfbed6cc0c5553723e4ce7005aef405810d4a7c374d90127aff
default,absent_term,False,34,baseline,170362833,143755000,82643000,164495360,bytes,True,true,0,,True,True,12819,58a491584666acfbed6cc0c5553723e4ce7005aef405810d4a7c374d90127aff
default,absent_term,False,34,candidate,114933375,96630000,78414000,163512320,bytes,True,true,0,,True,True,12819,58a491584666acfbed6cc0c5553723e4ce7005aef405810d4a7c374d90127aff
default,absent_term,False,35,candidate,114967250,95422000,78583000,164298752,bytes,True,true,0,,True,True,12819,58a491584666acfbed6cc0c5553723e4ce7005aef405810d4a7c374d90127aff
default,absent_term,False,35,baseline,163389500,144987000,73894000,163790848,bytes,True,true,0,,True,True,12819,58a491584666acfbed6cc0c5553723e4ce7005aef405810d4a7c374d90127aff
default,absent_term,False,36,baseline,169957583,146624000,83979000,163856384,bytes,True,true,0,,True,True,12819,58a491584666acfbed6cc0c5553723e4ce7005aef405810d4a7c374d90127aff
default,absent_term,False,36,candidate,117186833,100588000,81593000,164003840,bytes,True,true,0,,True,True,12819,58a491584666acfbed6cc0c5553723e4ce7005aef405810d4a7c374d90127aff
default,absent_term,False,37,candidate,123846416,100186000,88730000,163856384,bytes,True,true,0,,True,True,12819,58a491584666acfbed6cc0c5553723e4ce7005aef405810d4a7c374d90127aff
default,absent_term,False,37,baseline,176730917,146405000,83771000,164462592,bytes,True,true,0,,True,True,12819,58a491584666acfbed6cc0c5553723e4ce7005aef405810d4a7c374d90127aff
default,absent_term,False,38,baseline,165246208,142954000,82315000,164282368,bytes,True,true,0,,True,True,12819,58a491584666acfbed6cc0c5553723e4ce7005aef405810d4a7c374d90127aff
default,absent_term,False,38,candidate,117077000,96405000,79721000,164233216,bytes,True,true,0,,True,True,12819,58a491584666acfbed6cc0c5553723e4ce7005aef405810d4a7c374d90127aff
default,absent_term,False,39,candidate,121108583,101220000,80522000,164052992,bytes,True,true,0,,True,True,12819,58a491584666acfbed6cc0c5553723e4ce7005aef405810d4a7c374d90127aff
default,absent_term,False,39,baseline,168728500,144919000,79422000,164364288,bytes,True,true,0,,True,True,12819,58a491584666acfbed6cc0c5553723e4ce7005aef405810d4a7c374d90127aff
default,absent_term,False,40,baseline,168697125,145594000,81978000,163971072,bytes,True,true,0,,True,True,12819,58a491584666acfbed6cc0c5553723e4ce7005aef405810d4a7c374d90127aff
default,absent_term,False,40,candidate,119562500,96155000,75724000,163627008,bytes,True,true,0,,True,True,12819,58a491584666acfbed6cc0c5553723e4ce7005aef405810d4a7c374d90127aff
default,absent_term,False,41,candidate,113792000,95597000,76745000,164446208,bytes,True,true,0,,True,True,12819,58a491584666acfbed6cc0c5553723e4ce7005aef405810d4a7c374d90127aff
default,absent_term,False,41,baseline,173970500,145618000,90294000,164069376,bytes,True,true,0,,True,True,12819,58a491584666acfbed6cc0c5553723e4ce7005aef405810d4a7c374d90127aff
default,absent_term,False,42,baseline,182364375,146212000,92413000,164413440,bytes,True,true,0,,True,True,12819,58a491584666acfbed6cc0c5553723e4ce7005aef405810d4a7c374d90127aff
default,absent_term,False,42,candidate,112865042,95014000,77201000,164118528,bytes,True,true,0,,True,True,12819,58a491584666acfbed6cc0c5553723e4ce7005aef405810d4a7c374d90127aff
default,absent_term,False,43,candidate,112731333,95350000,76671000,164167680,bytes,True,true,0,,True,True,12819,58a491584666acfbed6cc0c5553723e4ce7005aef405810d4a7c374d90127aff
default,absent_term,False,43,baseline,166631250,145224000,79080000,164364288,bytes,True,true,0,,True,True,12819,58a491584666acfbed6cc0c5553723e4ce7005aef405810d4a7c374d90127aff
default,absent_term,False,44,baseline,168145000,145736000,83180000,164118528,bytes,True,true,0,,True,True,12819,58a491584666acfbed6cc0c5553723e4ce7005aef405810d4a7c374d90127aff
default,absent_term,False,44,candidate,116648000,99516000,78200000,163659776,bytes,True,true,0,,True,True,12819,58a491584666acfbed6cc0c5553723e4ce7005aef405810d4a7c374d90127aff
default,absent_term,False,45,candidate,121375125,98318000,88127000,163627008,bytes,True,true,0,,True,True,12819,58a491584666acfbed6cc0c5553723e4ce7005aef405810d4a7c374d90127aff
default,absent_term,False,45,baseline,171360583,146996000,83131000,164397056,bytes,True,true,0,,True,True,12819,58a491584666acfbed6cc0c5553723e4ce7005aef405810d4a7c374d90127aff
default,absent_term,False,46,baseline,171646125,147731000,84898000,164544512,bytes,True,true,0,,True,True,12819,58a491584666acfbed6cc0c5553723e4ce7005aef405810d4a7c374d90127aff
default,absent_term,False,46,candidate,112203042,96558000,79355000,163528704,bytes,True,true,0,,True,True,12819,58a491584666acfbed6cc0c5553723e4ce7005aef405810d4a7c374d90127aff
default,absent_term,False,47,candidate,112829417,96231000,73825000,164020224,bytes,True,true,0,,True,True,12819,58a491584666acfbed6cc0c5553723e4ce7005aef405810d4a7c374d90127aff
default,absent_term,False,47,baseline,172130541,146648000,82581000,164577280,bytes,True,true,0,,True,True,12819,58a491584666acfbed6cc0c5553723e4ce7005aef405810d4a7c374d90127aff
default,absent_term,False,48,baseline,160461167,142148000,78900000,164151296,bytes,True,true,0,,True,True,12819,58a491584666acfbed6cc0c5553723e4ce7005aef405810d4a7c374d90127aff
default,absent_term,False,48,candidate,114692250,95884000,77490000,163381248,bytes,True,true,0,,True,True,12819,58a491584666acfbed6cc0c5553723e4ce7005aef405810d4a7c374d90127aff
default,absent_term,False,49,candidate,113402916,96856000,77909000,164167680,bytes,True,true,0,,True,True,12819,58a491584666acfbed6cc0c5553723e4ce7005aef405810d4a7c374d90127aff
default,absent_term,False,49,baseline,160445917,142908000,74267000,163676160,bytes,True,true,0,,True,True,12819,58a491584666acfbed6cc0c5553723e4ce7005aef405810d4a7c374d90127aff
default,absent_term,False,50,baseline,162836208,142770000,76039000,164265984,bytes,True,true,0,,True,True,12819,58a491584666acfbed6cc0c5553723e4ce7005aef405810d4a7c374d90127aff
default,absent_term,False,50,candidate,107157625,92959000,73478000,163872768,bytes,True,true,0,,True,True,12819,58a491584666acfbed6cc0c5553723e4ce7005aef405810d4a7c374d90127aff
default,absent_term,False,51,candidate,111925542,96303000,75275000,163905536,bytes,True,true,0,,True,True,12819,58a491584666acfbed6cc0c5553723e4ce7005aef405810d4a7c374d90127aff
default,absent_term,False,51,baseline,168811875,146348000,84758000,164364288,bytes,True,true,0,,True,True,12819,58a491584666acfbed6cc0c5553723e4ce7005aef405810d4a7c374d90127aff
default,absent_term,False,52,baseline,163953209,143992000,73697000,164511744,bytes,True,true,0,,True,True,12819,58a491584666acfbed6cc0c5553723e4ce7005aef405810d4a7c374d90127aff
default,absent_term,False,52,candidate,113500458,95928000,77196000,164167680,bytes,True,true,0,,True,True,12819,58a491584666acfbed6cc0c5553723e4ce7005aef405810d4a7c374d90127aff
default,absent_term,False,53,candidate,109924292,94054000,75806000,163807232,bytes,True,true,0,,True,True,12819,58a491584666acfbed6cc0c5553723e4ce7005aef405810d4a7c374d90127aff
default,absent_term,False,53,baseline,167855625,137327000,76473000,214876160,bytes,True,true,0,,True,True,12819,58a491584666acfbed6cc0c5553723e4ce7005aef405810d4a7c374d90127aff
default,absent_term,False,54,baseline,165094833,143710000,79304000,164446208,bytes,True,true,0,,True,True,12819,58a491584666acfbed6cc0c5553723e4ce7005aef405810d4a7c374d90127aff
default,absent_term,False,54,candidate,119337875,100108000,82485000,163741696,bytes,True,true,0,,True,True,12819,58a491584666acfbed6cc0c5553723e4ce7005aef405810d4a7c374d90127aff
default,absent_term,False,55,candidate,120598292,100099000,78082000,163561472,bytes,True,true,0,,True,True,12819,58a491584666acfbed6cc0c5553723e4ce7005aef405810d4a7c374d90127aff
default,absent_term,False,55,baseline,167989667,146111000,80563000,164364288,bytes,True,true,0,,True,True,12819,58a491584666acfbed6cc0c5553723e4ce7005aef405810d4a7c374d90127aff
default,absent_term,False,56,baseline,166866459,144334000,81185000,163741696,bytes,True,true,0,,True,True,12819,58a491584666acfbed6cc0c5553723e4ce7005aef405810d4a7c374d90127aff
default,absent_term,False,56,candidate,117442666,98450000,80259000,163479552,bytes,True,true,0,,True,True,12819,58a491584666acfbed6cc0c5553723e4ce7005aef405810d4a7c374d90127aff
default,absent_term,False,57,candidate,116849125,98154000,78274000,164315136,bytes,True,true,0,,True,True,12819,58a491584666acfbed6cc0c5553723e4ce7005aef405810d4a7c374d90127aff
default,absent_term,False,57,baseline,173177083,146284000,85021000,163987456,bytes,True,true,0,,True,True,12819,58a491584666acfbed6cc0c5553723e4ce7005aef405810d4a7c374d90127aff
default,absent_term,False,58,baseline,172427458,147168000,83749000,163889152,bytes,True,true,0,,True,True,12819,58a491584666acfbed6cc0c5553723e4ce7005aef405810d4a7c374d90127aff
default,absent_term,False,58,candidate,113481584,94619000,76646000,163954688,bytes,True,true,0,,True,True,12819,58a491584666acfbed6cc0c5553723e4ce7005aef405810d4a7c374d90127aff
default,absent_term,False,59,candidate,114665584,97985000,78813000,163905536,bytes,True,true,0,,True,True,12819,58a491584666acfbed6cc0c5553723e4ce7005aef405810d4a7c374d90127aff
default,absent_term,False,59,baseline,166856375,146059000,80255000,164102144,bytes,True,true,0,,True,True,12819,58a491584666acfbed6cc0c5553723e4ce7005aef405810d4a7c374d90127aff
default,absent_term,False,60,baseline,173985041,148863000,83247000,164544512,bytes,True,true,0,,True,True,12819,58a491584666acfbed6cc0c5553723e4ce7005aef405810d4a7c374d90127aff
default,absent_term,False,60,candidate,114355500,96083000,82424000,164233216,bytes,True,true,0,,True,True,12819,58a491584666acfbed6cc0c5553723e4ce7005aef405810d4a7c374d90127aff
default,absent_term,False,61,candidate,113569000,97289000,76301000,163676160,bytes,True,true,0,,True,True,12819,58a491584666acfbed6cc0c5553723e4ce7005aef405810d4a7c374d90127aff
default,absent_term,False,61,baseline,168690958,145163000,80829000,164003840,bytes,True,true,0,,True,True,12819,58a491584666acfbed6cc0c5553723e4ce7005aef405810d4a7c374d90127aff
default,absent_term,False,62,baseline,190654291,145910000,89592000,164593664,bytes,True,true,0,,True,True,12819,58a491584666acfbed6cc0c5553723e4ce7005aef405810d4a7c374d90127aff
default,absent_term,False,62,candidate,131673375,97042000,100508000,164184064,bytes,True,true,0,,True,True,12819,58a491584666acfbed6cc0c5553723e4ce7005aef405810d4a7c374d90127aff
default,absent_term,False,63,candidate,114616791,97417000,81874000,163938304,bytes,True,true,0,,True,True,12819,58a491584666acfbed6cc0c5553723e4ce7005aef405810d4a7c374d90127aff
default,absent_term,False,63,baseline,162970250,141943000,75984000,163905536,bytes,True,true,0,,True,True,12819,58a491584666acfbed6cc0c5553723e4ce7005aef405810d4a7c374d90127aff
default,absent_term,False,64,baseline,161452958,141254000,76944000,164413440,bytes,True,true,0,,True,True,12819,58a491584666acfbed6cc0c5553723e4ce7005aef405810d4a7c374d90127aff
default,absent_term,False,64,candidate,108929750,94509000,76472000,163987456,bytes,True,true,0,,True,True,12819,58a491584666acfbed6cc0c5553723e4ce7005aef405810d4a7c374d90127aff
default,absent_term,False,65,candidate,113704625,97557000,75622000,163987456,bytes,True,true,0,,True,True,12819,58a491584666acfbed6cc0c5553723e4ce7005aef405810d4a7c374d90127aff
default,absent_term,False,65,baseline,162668000,142732000,77018000,163856384,bytes,True,true,0,,True,True,12819,58a491584666acfbed6cc0c5553723e4ce7005aef405810d4a7c374d90127aff
default,absent_term,False,66,baseline,165586292,144124000,86702000,164020224,bytes,True,true,0,,True,True,12819,58a491584666acfbed6cc0c5553723e4ce7005aef405810d4a7c374d90127aff
default,absent_term,False,66,candidate,107955833,94351000,74439000,164315136,bytes,True,true,0,,True,True,12819,58a491584666acfbed6cc0c5553723e4ce7005aef405810d4a7c374d90127aff
default,absent_term,False,67,candidate,112243750,96173000,76931000,164397056,bytes,True,true,0,,True,True,12819,58a491584666acfbed6cc0c5553723e4ce7005aef405810d4a7c374d90127aff
default,absent_term,False,67,baseline,164692084,142563000,75666000,164282368,bytes,True,true,0,,True,True,12819,58a491584666acfbed6cc0c5553723e4ce7005aef405810d4a7c374d90127aff
default,absent_term,False,68,baseline,166712292,143954000,78066000,164184064,bytes,True,true,0,,True,True,12819,58a491584666acfbed6cc0c5553723e4ce7005aef405810d4a7c374d90127aff
default,absent_term,False,68,candidate,114478292,95580000,78877000,163676160,bytes,True,true,0,,True,True,12819,58a491584666acfbed6cc0c5553723e4ce7005aef405810d4a7c374d90127aff
default,absent_term,False,69,candidate,115361084,98829000,78200000,163545088,bytes,True,true,0,,True,True,12819,58a491584666acfbed6cc0c5553723e4ce7005aef405810d4a7c374d90127aff
default,absent_term,False,69,baseline,167725375,144986000,84313000,163545088,bytes,True,true,0,,True,True,12819,58a491584666acfbed6cc0c5553723e4ce7005aef405810d4a7c374d90127aff
default,absent_term,False,70,baseline,170124083,147509000,82451000,164626432,bytes,True,true,0,,True,True,12819,58a491584666acfbed6cc0c5553723e4ce7005aef405810d4a7c374d90127aff
default,absent_term,False,70,candidate,115578750,95780000,76489000,164249600,bytes,True,true,0,,True,True,12819,58a491584666acfbed6cc0c5553723e4ce7005aef405810d4a7c374d90127aff
default,absent_term,False,71,candidate,113423666,98588000,74295000,164216832,bytes,True,true,0,,True,True,12819,58a491584666acfbed6cc0c5553723e4ce7005aef405810d4a7c374d90127aff
default,absent_term,False,71,baseline,164834834,143000000,82841000,164429824,bytes,True,true,0,,True,True,12819,58a491584666acfbed6cc0c5553723e4ce7005aef405810d4a7c374d90127aff
default,absent_term,False,72,baseline,160482875,142273000,73466000,164347904,bytes,True,true,0,,True,True,12819,58a491584666acfbed6cc0c5553723e4ce7005aef405810d4a7c374d90127aff
default,absent_term,False,72,candidate,116157166,96549000,79324000,163872768,bytes,True,true,0,,True,True,12819,58a491584666acfbed6cc0c5553723e4ce7005aef405810d4a7c374d90127aff
default,absent_term,False,73,candidate,132798041,98297000,99485000,163921920,bytes,True,true,0,,True,True,12819,58a491584666acfbed6cc0c5553723e4ce7005aef405810d4a7c374d90127aff
default,absent_term,False,73,baseline,194225042,152464000,89528000,164642816,bytes,True,true,0,,True,True,12819,58a491584666acfbed6cc0c5553723e4ce7005aef405810d4a7c374d90127aff
default,absent_term,False,74,baseline,171800417,148521000,85748000,163659776,bytes,True,true,0,,True,True,12819,58a491584666acfbed6cc0c5553723e4ce7005aef405810d4a7c374d90127aff
default,absent_term,False,74,candidate,118705084,95295000,81942000,163659776,bytes,True,true,0,,True,True,12819,58a491584666acfbed6cc0c5553723e4ce7005aef405810d4a7c374d90127aff
default,absent_term,False,75,candidate,113953917,96182000,89253000,165281792,bytes,True,true,0,,True,True,12819,58a491584666acfbed6cc0c5553723e4ce7005aef405810d4a7c374d90127aff
default,absent_term,False,75,baseline,168964375,144509000,83217000,164085760,bytes,True,true,0,,True,True,12819,58a491584666acfbed6cc0c5553723e4ce7005aef405810d4a7c374d90127aff
default,absent_term,False,76,baseline,172164208,145108000,92125000,164429824,bytes,True,true,0,,True,True,12819,58a491584666acfbed6cc0c5553723e4ce7005aef405810d4a7c374d90127aff
default,absent_term,False,76,candidate,119483916,98269000,90651000,164282368,bytes,True,true,0,,True,True,12819,58a491584666acfbed6cc0c5553723e4ce7005aef405810d4a7c374d90127aff
default,absent_term,False,77,candidate,223261208,101849000,100661000,164184064,bytes,True,true,0,,True,True,12819,58a491584666acfbed6cc0c5553723e4ce7005aef405810d4a7c374d90127aff
default,absent_term,False,77,baseline,167757750,143670000,91371000,164511744,bytes,True,true,0,,True,True,12819,58a491584666acfbed6cc0c5553723e4ce7005aef405810d4a7c374d90127aff
default,absent_term,False,78,baseline,180278541,153085000,92889000,164036608,bytes,True,true,0,,True,True,12819,58a491584666acfbed6cc0c5553723e4ce7005aef405810d4a7c374d90127aff
default,absent_term,False,78,candidate,114917750,97007000,86320000,164134912,bytes,True,true,0,,True,True,12819,58a491584666acfbed6cc0c5553723e4ce7005aef405810d4a7c374d90127aff
default,absent_term,False,79,candidate,116030875,96018000,80550000,164151296,bytes,True,true,0,,True,True,12819,58a491584666acfbed6cc0c5553723e4ce7005aef405810d4a7c374d90127aff
default,absent_term,False,79,baseline,171049584,144156000,92111000,164429824,bytes,True,true,0,,True,True,12819,58a491584666acfbed6cc0c5553723e4ce7005aef405810d4a7c374d90127aff
default,absent_term,False,80,baseline,166713750,145393000,80166000,164216832,bytes,True,true,0,,True,True,12819,58a491584666acfbed6cc0c5553723e4ce7005aef405810d4a7c374d90127aff
default,absent_term,False,80,candidate,116993375,95978000,91647000,164593664,bytes,True,true,0,,True,True,12819,58a491584666acfbed6cc0c5553723e4ce7005aef405810d4a7c374d90127aff
default,absent_term,False,81,candidate,113463833,95390000,82134000,163823616,bytes,True,true,0,,True,True,12819,58a491584666acfbed6cc0c5553723e4ce7005aef405810d4a7c374d90127aff
default,absent_term,False,81,baseline,172975583,145333000,90559000,165085184,bytes,True,true,0,,True,True,12819,58a491584666acfbed6cc0c5553723e4ce7005aef405810d4a7c374d90127aff
default,absent_term,False,82,baseline,173658541,146444000,93897000,164233216,bytes,True,true,0,,True,True,12819,58a491584666acfbed6cc0c5553723e4ce7005aef405810d4a7c374d90127aff
default,absent_term,False,82,candidate,124178750,97843000,88776000,164364288,bytes,True,true,0,,True,True,12819,58a491584666acfbed6cc0c5553723e4ce7005aef405810d4a7c374d90127aff
default,absent_term,False,83,candidate,127549958,99931000,92256000,164249600,bytes,True,true,0,,True,True,12819,58a491584666acfbed6cc0c5553723e4ce7005aef405810d4a7c374d90127aff
default,absent_term,False,83,baseline,206415459,155146000,97268000,164413440,bytes,True,true,0,,True,True,12819,58a491584666acfbed6cc0c5553723e4ce7005aef405810d4a7c374d90127aff
default,absent_term,False,84,baseline,176714542,147477000,100078000,165052416,bytes,True,true,0,,True,True,12819,58a491584666acfbed6cc0c5553723e4ce7005aef405810d4a7c374d90127aff
default,absent_term,False,84,candidate,119104750,99336000,89927000,164200448,bytes,True,true,0,,True,True,12819,58a491584666acfbed6cc0c5553723e4ce7005aef405810d4a7c374d90127aff
default,absent_term,False,85,candidate,118061084,96783000,91774000,164069376,bytes,True,true,0,,True,True,12819,58a491584666acfbed6cc0c5553723e4ce7005aef405810d4a7c374d90127aff
default,absent_term,False,85,baseline,165287917,145189000,82936000,164495360,bytes,True,true,0,,True,True,12819,58a491584666acfbed6cc0c5553723e4ce7005aef405810d4a7c374d90127aff
default,absent_term,False,86,baseline,169695625,145156000,91366000,164757504,bytes,True,true,0,,True,True,12819,58a491584666acfbed6cc0c5553723e4ce7005aef405810d4a7c374d90127aff
default,absent_term,False,86,candidate,112927125,97681000,84219000,164102144,bytes,True,true,0,,True,True,12819,58a491584666acfbed6cc0c5553723e4ce7005aef405810d4a7c374d90127aff
default,absent_term,False,87,candidate,121423667,98235000,86235000,163987456,bytes,True,true,0,,True,True,12819,58a491584666acfbed6cc0c5553723e4ce7005aef405810d4a7c374d90127aff
default,absent_term,False,87,baseline,171005708,146481000,86082000,163823616,bytes,True,true,0,,True,True,12819,58a491584666acfbed6cc0c5553723e4ce7005aef405810d4a7c374d90127aff
default,absent_term,False,88,baseline,190781291,149139000,100081000,163971072,bytes,True,true,0,,True,True,12819,58a491584666acfbed6cc0c5553723e4ce7005aef405810d4a7c374d90127aff
default,absent_term,False,88,candidate,131647542,103499000,89905000,163971072,bytes,True,true,0,,True,True,12819,58a491584666acfbed6cc0c5553723e4ce7005aef405810d4a7c374d90127aff
default,absent_term,False,89,candidate,118911292,100348000,87104000,164085760,bytes,True,true,0,,True,True,12819,58a491584666acfbed6cc0c5553723e4ce7005aef405810d4a7c374d90127aff
default,absent_term,False,89,baseline,274783250,170218000,100430000,163971072,bytes,True,true,0,,True,True,12819,58a491584666acfbed6cc0c5553723e4ce7005aef405810d4a7c374d90127aff
default,absent_term,False,90,baseline,264227084,154150000,93476000,163430400,bytes,True,true,0,,True,True,12819,58a491584666acfbed6cc0c5553723e4ce7005aef405810d4a7c374d90127aff
default,absent_term,False,90,candidate,157326084,110299000,105223000,163315712,bytes,True,true,0,,True,True,12819,58a491584666acfbed6cc0c5553723e4ce7005aef405810d4a7c374d90127aff
default,absent_term,False,91,candidate,122467583,99474000,87494000,164167680,bytes,True,true,0,,True,True,12819,58a491584666acfbed6cc0c5553723e4ce7005aef405810d4a7c374d90127aff
default,absent_term,False,91,baseline,171658041,145093000,90736000,163987456,bytes,True,true,0,,True,True,12819,58a491584666acfbed6cc0c5553723e4ce7005aef405810d4a7c374d90127aff
default,absent_term,False,92,baseline,172457084,147633000,83355000,164216832,bytes,True,true,0,,True,True,12819,58a491584666acfbed6cc0c5553723e4ce7005aef405810d4a7c374d90127aff
default,absent_term,False,92,candidate,119986083,100564000,90460000,163840000,bytes,True,true,0,,True,True,12819,58a491584666acfbed6cc0c5553723e4ce7005aef405810d4a7c374d90127aff
default,absent_term,False,93,candidate,126060792,105448000,86788000,163954688,bytes,True,true,0,,True,True,12819,58a491584666acfbed6cc0c5553723e4ce7005aef405810d4a7c374d90127aff
default,absent_term,False,93,baseline,191418958,156177000,94663000,164003840,bytes,True,true,0,,True,True,12819,58a491584666acfbed6cc0c5553723e4ce7005aef405810d4a7c374d90127aff
default,absent_term,False,94,baseline,180177959,148716000,90813000,164265984,bytes,True,true,0,,True,True,12819,58a491584666acfbed6cc0c5553723e4ce7005aef405810d4a7c374d90127aff
default,absent_term,False,94,candidate,121905375,98122000,87102000,163610624,bytes,True,true,0,,True,True,12819,58a491584666acfbed6cc0c5553723e4ce7005aef405810d4a7c374d90127aff
default,absent_term,False,95,candidate,127000583,102218000,85886000,164003840,bytes,True,true,0,,True,True,12819,58a491584666acfbed6cc0c5553723e4ce7005aef405810d4a7c374d90127aff
default,absent_term,False,95,baseline,331225417,169999000,98844000,168067072,bytes,True,true,0,,True,True,12819,58a491584666acfbed6cc0c5553723e4ce7005aef405810d4a7c374d90127aff
default,absent_term,False,96,baseline,209008792,161691000,102056000,163921920,bytes,True,true,0,,True,True,12819,58a491584666acfbed6cc0c5553723e4ce7005aef405810d4a7c374d90127aff
default,absent_term,False,96,candidate,117863375,98968000,83374000,164151296,bytes,True,true,0,,True,True,12819,58a491584666acfbed6cc0c5553723e4ce7005aef405810d4a7c374d90127aff
default,absent_term,False,97,candidate,132238958,101114000,83076000,164102144,bytes,True,true,0,,True,True,12819,58a491584666acfbed6cc0c5553723e4ce7005aef405810d4a7c374d90127aff
default,absent_term,False,97,baseline,172007125,149248000,81716000,164839424,bytes,True,true,0,,True,True,12819,58a491584666acfbed6cc0c5553723e4ce7005aef405810d4a7c374d90127aff
default,absent_term,False,98,baseline,173672792,148196000,92397000,164184064,bytes,True,true,0,,True,True,12819,58a491584666acfbed6cc0c5553723e4ce7005aef405810d4a7c374d90127aff
default,absent_term,False,98,candidate,125406417,100492000,92842000,163610624,bytes,True,true,0,,True,True,12819,58a491584666acfbed6cc0c5553723e4ce7005aef405810d4a7c374d90127aff
default,absent_term,False,99,candidate,120047292,96586000,90675000,164052992,bytes,True,true,0,,True,True,12819,58a491584666acfbed6cc0c5553723e4ce7005aef405810d4a7c374d90127aff
default,absent_term,False,99,baseline,174788958,148633000,90169000,164151296,bytes,True,true,0,,True,True,12819,58a491584666acfbed6cc0c5553723e4ce7005aef405810d4a7c374d90127aff
pack,baseline_terms,True,0,baseline,169587084,167907000,115059000,91881472,bytes,True,true,0,,True,True,12524,c9f1427c86a3d4493bc8ddd04cdca3c754b2e4762f41599b9f3a7fa36254cfaf
pack,baseline_terms,True,0,candidate,90751041,114972000,70388000,95059968,bytes,True,true,0,,True,True,12524,c9f1427c86a3d4493bc8ddd04cdca3c754b2e4762f41599b9f3a7fa36254cfaf
pack,baseline_terms,True,1,candidate,89506750,109240000,62247000,94355456,bytes,True,true,0,,True,True,12524,c9f1427c86a3d4493bc8ddd04cdca3c754b2e4762f41599b9f3a7fa36254cfaf
pack,baseline_terms,True,1,baseline,144610250,167621000,63867000,92274688,bytes,True,true,0,,True,True,12524,c9f1427c86a3d4493bc8ddd04cdca3c754b2e4762f41599b9f3a7fa36254cfaf
pack,baseline_terms,True,2,baseline,147724875,171789000,68626000,92667904,bytes,True,true,0,,True,True,12524,c9f1427c86a3d4493bc8ddd04cdca3c754b2e4762f41599b9f3a7fa36254cfaf
pack,baseline_terms,True,2,candidate,86817292,107899000,60124000,94289920,bytes,True,true,0,,True,True,12524,c9f1427c86a3d4493bc8ddd04cdca3c754b2e4762f41599b9f3a7fa36254cfaf
pack,baseline_terms,False,0,baseline,143365625,166318000,65305000,93618176,bytes,True,true,0,,True,True,12524,c9f1427c86a3d4493bc8ddd04cdca3c754b2e4762f41599b9f3a7fa36254cfaf
pack,baseline_terms,False,0,candidate,90644000,106189000,63068000,95813632,bytes,True,true,0,,True,True,12524,c9f1427c86a3d4493bc8ddd04cdca3c754b2e4762f41599b9f3a7fa36254cfaf
pack,baseline_terms,False,1,candidate,88772292,109907000,61038000,94158848,bytes,True,true,0,,True,True,12524,c9f1427c86a3d4493bc8ddd04cdca3c754b2e4762f41599b9f3a7fa36254cfaf
pack,baseline_terms,False,1,baseline,148588041,170748000,68204000,92209152,bytes,True,true,0,,True,True,12524,c9f1427c86a3d4493bc8ddd04cdca3c754b2e4762f41599b9f3a7fa36254cfaf
pack,baseline_terms,False,2,baseline,146243459,170355000,66123000,93405184,bytes,True,true,0,,True,True,12524,c9f1427c86a3d4493bc8ddd04cdca3c754b2e4762f41599b9f3a7fa36254cfaf
pack,baseline_terms,False,2,candidate,109118667,118671000,68645000,94158848,bytes,True,true,0,,True,True,12524,c9f1427c86a3d4493bc8ddd04cdca3c754b2e4762f41599b9f3a7fa36254cfaf
pack,baseline_terms,False,3,candidate,93118250,110827000,64534000,93437952,bytes,True,true,0,,True,True,12524,c9f1427c86a3d4493bc8ddd04cdca3c754b2e4762f41599b9f3a7fa36254cfaf
pack,baseline_terms,False,3,baseline,145314834,167023000,67436000,92520448,bytes,True,true,0,,True,True,12524,c9f1427c86a3d4493bc8ddd04cdca3c754b2e4762f41599b9f3a7fa36254cfaf
pack,baseline_terms,False,4,baseline,148405833,168812000,67626000,93077504,bytes,True,true,0,,True,True,12524,c9f1427c86a3d4493bc8ddd04cdca3c754b2e4762f41599b9f3a7fa36254cfaf
pack,baseline_terms,False,4,candidate,90727375,108472000,65342000,94142464,bytes,True,true,0,,True,True,12524,c9f1427c86a3d4493bc8ddd04cdca3c754b2e4762f41599b9f3a7fa36254cfaf
pack,baseline_terms,False,5,candidate,99788500,113972000,67052000,94306304,bytes,True,true,0,,True,True,12524,c9f1427c86a3d4493bc8ddd04cdca3c754b2e4762f41599b9f3a7fa36254cfaf
pack,baseline_terms,False,5,baseline,147795000,171546000,66663000,91406336,bytes,True,true,0,,True,True,12524,c9f1427c86a3d4493bc8ddd04cdca3c754b2e4762f41599b9f3a7fa36254cfaf
pack,baseline_terms,False,6,baseline,145582500,170448000,69633000,91668480,bytes,True,true,0,,True,True,12524,c9f1427c86a3d4493bc8ddd04cdca3c754b2e4762f41599b9f3a7fa36254cfaf
pack,baseline_terms,False,6,candidate,93297792,110324000,68557000,94011392,bytes,True,true,0,,True,True,12524,c9f1427c86a3d4493bc8ddd04cdca3c754b2e4762f41599b9f3a7fa36254cfaf
pack,baseline_terms,False,7,candidate,89726833,109420000,63041000,94142464,bytes,True,true,0,,True,True,12524,c9f1427c86a3d4493bc8ddd04cdca3c754b2e4762f41599b9f3a7fa36254cfaf
pack,baseline_terms,False,7,baseline,148578709,167056000,65018000,94240768,bytes,True,true,0,,True,True,12524,c9f1427c86a3d4493bc8ddd04cdca3c754b2e4762f41599b9f3a7fa36254cfaf
pack,baseline_terms,False,8,baseline,147125625,168750000,69168000,93143040,bytes,True,true,0,,True,True,12524,c9f1427c86a3d4493bc8ddd04cdca3c754b2e4762f41599b9f3a7fa36254cfaf
pack,baseline_terms,False,8,candidate,96171792,111712000,63952000,93782016,bytes,True,true,0,,True,True,12524,c9f1427c86a3d4493bc8ddd04cdca3c754b2e4762f41599b9f3a7fa36254cfaf
pack,baseline_terms,False,9,candidate,98730083,115428000,71010000,93896704,bytes,True,true,0,,True,True,12524,c9f1427c86a3d4493bc8ddd04cdca3c754b2e4762f41599b9f3a7fa36254cfaf
pack,baseline_terms,False,9,baseline,148214708,169492000,67256000,92241920,bytes,True,true,0,,True,True,12524,c9f1427c86a3d4493bc8ddd04cdca3c754b2e4762f41599b9f3a7fa36254cfaf
pack,baseline_terms,False,10,baseline,149743625,169635000,70755000,92684288,bytes,True,true,0,,True,True,12524,c9f1427c86a3d4493bc8ddd04cdca3c754b2e4762f41599b9f3a7fa36254cfaf
pack,baseline_terms,False,10,candidate,95174541,112109000,66786000,93437952,bytes,True,true,0,,True,True,12524,c9f1427c86a3d4493bc8ddd04cdca3c754b2e4762f41599b9f3a7fa36254cfaf
pack,baseline_terms,False,11,candidate,96131583,114639000,67618000,94289920,bytes,True,true,0,,True,True,12524,c9f1427c86a3d4493bc8ddd04cdca3c754b2e4762f41599b9f3a7fa36254cfaf
pack,baseline_terms,False,11,baseline,154629667,173902000,71181000,91488256,bytes,True,true,0,,True,True,12524,c9f1427c86a3d4493bc8ddd04cdca3c754b2e4762f41599b9f3a7fa36254cfaf
pack,baseline_terms,False,12,baseline,152536583,173655000,69508000,92995584,bytes,True,true,0,,True,True,12524,c9f1427c86a3d4493bc8ddd04cdca3c754b2e4762f41599b9f3a7fa36254cfaf
pack,baseline_terms,False,12,candidate,96930167,111666000,73318000,91176960,bytes,True,true,0,,True,True,12524,c9f1427c86a3d4493bc8ddd04cdca3c754b2e4762f41599b9f3a7fa36254cfaf
pack,baseline_terms,False,13,candidate,92804084,115631000,65192000,95371264,bytes,True,true,0,,True,True,12524,c9f1427c86a3d4493bc8ddd04cdca3c754b2e4762f41599b9f3a7fa36254cfaf
pack,baseline_terms,False,13,baseline,147840334,175473000,65392000,93323264,bytes,True,true,0,,True,True,12524,c9f1427c86a3d4493bc8ddd04cdca3c754b2e4762f41599b9f3a7fa36254cfaf
pack,baseline_terms,False,14,baseline,149090500,173048000,69439000,92880896,bytes,True,true,0,,True,True,12524,c9f1427c86a3d4493bc8ddd04cdca3c754b2e4762f41599b9f3a7fa36254cfaf
pack,baseline_terms,False,14,candidate,89932500,111527000,61382000,94076928,bytes,True,true,0,,True,True,12524,c9f1427c86a3d4493bc8ddd04cdca3c754b2e4762f41599b9f3a7fa36254cfaf
pack,baseline_terms,False,15,candidate,93439708,112427000,63766000,91340800,bytes,True,true,0,,True,True,12524,c9f1427c86a3d4493bc8ddd04cdca3c754b2e4762f41599b9f3a7fa36254cfaf
pack,baseline_terms,False,15,baseline,149063834,168684000,64175000,92930048,bytes,True,true,0,,True,True,12524,c9f1427c86a3d4493bc8ddd04cdca3c754b2e4762f41599b9f3a7fa36254cfaf
pack,baseline_terms,False,16,baseline,151737709,169807000,67365000,92241920,bytes,True,true,0,,True,True,12524,c9f1427c86a3d4493bc8ddd04cdca3c754b2e4762f41599b9f3a7fa36254cfaf
pack,baseline_terms,False,16,candidate,94438625,111490000,65975000,91226112,bytes,True,true,0,,True,True,12524,c9f1427c86a3d4493bc8ddd04cdca3c754b2e4762f41599b9f3a7fa36254cfaf
pack,baseline_terms,False,17,candidate,96524458,113692000,69233000,91881472,bytes,True,true,0,,True,True,12524,c9f1427c86a3d4493bc8ddd04cdca3c754b2e4762f41599b9f3a7fa36254cfaf
pack,baseline_terms,False,17,baseline,150390459,171084000,68999000,91815936,bytes,True,true,0,,True,True,12524,c9f1427c86a3d4493bc8ddd04cdca3c754b2e4762f41599b9f3a7fa36254cfaf
pack,baseline_terms,False,18,baseline,173594667,180771000,74567000,93339648,bytes,True,true,0,,True,True,12524,c9f1427c86a3d4493bc8ddd04cdca3c754b2e4762f41599b9f3a7fa36254cfaf
pack,baseline_terms,False,18,candidate,96521959,115136000,66162000,92700672,bytes,True,true,0,,True,True,12524,c9f1427c86a3d4493bc8ddd04cdca3c754b2e4762f41599b9f3a7fa36254cfaf
pack,baseline_terms,False,19,candidate,176956500,127574000,66226000,94781440,bytes,True,true,0,,True,True,12524,c9f1427c86a3d4493bc8ddd04cdca3c754b2e4762f41599b9f3a7fa36254cfaf
pack,baseline_terms,False,19,baseline,149792500,173166000,69883000,91570176,bytes,True,true,0,,True,True,12524,c9f1427c86a3d4493bc8ddd04cdca3c754b2e4762f41599b9f3a7fa36254cfaf
pack,baseline_terms,False,20,baseline,148664625,170840000,67847000,93978624,bytes,True,true,0,,True,True,12524,c9f1427c86a3d4493bc8ddd04cdca3c754b2e4762f41599b9f3a7fa36254cfaf
pack,baseline_terms,False,20,candidate,98926458,113483000,71416000,94420992,bytes,True,true,0,,True,True,12524,c9f1427c86a3d4493bc8ddd04cdca3c754b2e4762f41599b9f3a7fa36254cfaf
pack,baseline_terms,False,21,candidate,92259500,111847000,67175000,93569024,bytes,True,true,0,,True,True,12524,c9f1427c86a3d4493bc8ddd04cdca3c754b2e4762f41599b9f3a7fa36254cfaf
pack,baseline_terms,False,21,baseline,149246792,172219000,63380000,92635136,bytes,True,true,0,,True,True,12524,c9f1427c86a3d4493bc8ddd04cdca3c754b2e4762f41599b9f3a7fa36254cfaf
pack,baseline_terms,False,22,baseline,166248666,177306000,85054000,92356608,bytes,True,true,0,,True,True,12524,c9f1427c86a3d4493bc8ddd04cdca3c754b2e4762f41599b9f3a7fa36254cfaf
pack,baseline_terms,False,22,candidate,101294667,112825000,72824000,92717056,bytes,True,true,0,,True,True,12524,c9f1427c86a3d4493bc8ddd04cdca3c754b2e4762f41599b9f3a7fa36254cfaf
pack,baseline_terms,False,23,candidate,105841292,116107000,77525000,92717056,bytes,True,true,0,,True,True,12524,c9f1427c86a3d4493bc8ddd04cdca3c754b2e4762f41599b9f3a7fa36254cfaf
pack,baseline_terms,False,23,baseline,156972750,174168000,73501000,92913664,bytes,True,true,0,,True,True,12524,c9f1427c86a3d4493bc8ddd04cdca3c754b2e4762f41599b9f3a7fa36254cfaf
pack,baseline_terms,False,24,baseline,154506792,174014000,70859000,91996160,bytes,True,true,0,,True,True,12524,c9f1427c86a3d4493bc8ddd04cdca3c754b2e4762f41599b9f3a7fa36254cfaf
pack,baseline_terms,False,24,candidate,98546750,106867000,73630000,94912512,bytes,True,true,0,,True,True,12524,c9f1427c86a3d4493bc8ddd04cdca3c754b2e4762f41599b9f3a7fa36254cfaf
pack,baseline_terms,False,25,candidate,103800458,112113000,68681000,93995008,bytes,True,true,0,,True,True,12524,c9f1427c86a3d4493bc8ddd04cdca3c754b2e4762f41599b9f3a7fa36254cfaf
pack,baseline_terms,False,25,baseline,164566958,177720000,80384000,93749248,bytes,True,true,0,,True,True,12524,c9f1427c86a3d4493bc8ddd04cdca3c754b2e4762f41599b9f3a7fa36254cfaf
pack,baseline_terms,False,26,baseline,151136208,171459000,72620000,92143616,bytes,True,true,0,,True,True,12524,c9f1427c86a3d4493bc8ddd04cdca3c754b2e4762f41599b9f3a7fa36254cfaf
pack,baseline_terms,False,26,candidate,101576833,114282000,74597000,94175232,bytes,True,true,0,,True,True,12524,c9f1427c86a3d4493bc8ddd04cdca3c754b2e4762f41599b9f3a7fa36254cfaf
pack,baseline_terms,False,27,candidate,100824209,114884000,73585000,95272960,bytes,True,true,0,,True,True,12524,c9f1427c86a3d4493bc8ddd04cdca3c754b2e4762f41599b9f3a7fa36254cfaf
pack,baseline_terms,False,27,baseline,155471625,171360000,69900000,92880896,bytes,True,true,0,,True,True,12524,c9f1427c86a3d4493bc8ddd04cdca3c754b2e4762f41599b9f3a7fa36254cfaf
pack,baseline_terms,False,28,baseline,149427666,168335000,69496000,92897280,bytes,True,true,0,,True,True,12524,c9f1427c86a3d4493bc8ddd04cdca3c754b2e4762f41599b9f3a7fa36254cfaf
pack,baseline_terms,False,28,candidate,112692708,114359000,77050000,95387648,bytes,True,true,0,,True,True,12524,c9f1427c86a3d4493bc8ddd04cdca3c754b2e4762f41599b9f3a7fa36254cfaf
pack,baseline_terms,False,29,candidate,97695334,113776000,72246000,94568448,bytes,True,true,0,,True,True,12524,c9f1427c86a3d4493bc8ddd04cdca3c754b2e4762f41599b9f3a7fa36254cfaf
pack,baseline_terms,False,29,baseline,155793292,171682000,70321000,93044736,bytes,True,true,0,,True,True,12524,c9f1427c86a3d4493bc8ddd04cdca3c754b2e4762f41599b9f3a7fa36254cfaf
pack,baseline_terms,False,30,baseline,146343042,167677000,67980000,91504640,bytes,True,true,0,,True,True,12524,c9f1427c86a3d4493bc8ddd04cdca3c754b2e4762f41599b9f3a7fa36254cfaf
pack,baseline_terms,False,30,candidate,90357333,110156000,64013000,94257152,bytes,True,true,0,,True,True,12524,c9f1427c86a3d4493bc8ddd04cdca3c754b2e4762f41599b9f3a7fa36254cfaf
pack,baseline_terms,False,31,candidate,91994000,109276000,66316000,94175232,bytes,True,true,0,,True,True,12524,c9f1427c86a3d4493bc8ddd04cdca3c754b2e4762f41599b9f3a7fa36254cfaf
pack,baseline_terms,False,31,baseline,140653916,167338000,62789000,92045312,bytes,True,true,0,,True,True,12524,c9f1427c86a3d4493bc8ddd04cdca3c754b2e4762f41599b9f3a7fa36254cfaf
pack,baseline_terms,False,32,baseline,146798375,168667000,65997000,92504064,bytes,True,true,0,,True,True,12524,c9f1427c86a3d4493bc8ddd04cdca3c754b2e4762f41599b9f3a7fa36254cfaf
pack,baseline_terms,False,32,candidate,89941000,109434000,62510000,93519872,bytes,True,true,0,,True,True,12524,c9f1427c86a3d4493bc8ddd04cdca3c754b2e4762f41599b9f3a7fa36254cfaf
pack,baseline_terms,False,33,candidate,87650125,108503000,59881000,94109696,bytes,True,true,0,,True,True,12524,c9f1427c86a3d4493bc8ddd04cdca3c754b2e4762f41599b9f3a7fa36254cfaf
pack,baseline_terms,False,33,baseline,144196166,164298000,64981000,93208576,bytes,True,true,0,,True,True,12524,c9f1427c86a3d4493bc8ddd04cdca3c754b2e4762f41599b9f3a7fa36254cfaf
pack,baseline_terms,False,34,baseline,149638875,171300000,66618000,93028352,bytes,True,true,0,,True,True,12524,c9f1427c86a3d4493bc8ddd04cdca3c754b2e4762f41599b9f3a7fa36254cfaf
pack,baseline_terms,False,34,candidate,91284500,106947000,62229000,95272960,bytes,True,true,0,,True,True,12524,c9f1427c86a3d4493bc8ddd04cdca3c754b2e4762f41599b9f3a7fa36254cfaf
pack,baseline_terms,False,35,candidate,95841166,114965000,66700000,91324416,bytes,True,true,0,,True,True,12524,c9f1427c86a3d4493bc8ddd04cdca3c754b2e4762f41599b9f3a7fa36254cfaf
pack,baseline_terms,False,35,baseline,143776250,168935000,64618000,93011968,bytes,True,true,0,,True,True,12524,c9f1427c86a3d4493bc8ddd04cdca3c754b2e4762f41599b9f3a7fa36254cfaf
pack,baseline_terms,False,36,baseline,144963833,167488000,64066000,92766208,bytes,True,true,0,,True,True,12524,c9f1427c86a3d4493bc8ddd04cdca3c754b2e4762f41599b9f3a7fa36254cfaf
pack,baseline_terms,False,36,candidate,91539833,110963000,63320000,94126080,bytes,True,true,0,,True,True,12524,c9f1427c86a3d4493bc8ddd04cdca3c754b2e4762f41599b9f3a7fa36254cfaf
pack,baseline_terms,False,37,candidate,89615333,110587000,63021000,95256576,bytes,True,true,0,,True,True,12524,c9f1427c86a3d4493bc8ddd04cdca3c754b2e4762f41599b9f3a7fa36254cfaf
pack,baseline_terms,False,37,baseline,147185417,170232000,67217000,92422144,bytes,True,true,0,,True,True,12524,c9f1427c86a3d4493bc8ddd04cdca3c754b2e4762f41599b9f3a7fa36254cfaf
pack,baseline_terms,False,38,baseline,146055042,166481000,63789000,92553216,bytes,True,true,0,,True,True,12524,c9f1427c86a3d4493bc8ddd04cdca3c754b2e4762f41599b9f3a7fa36254cfaf
pack,baseline_terms,False,38,candidate,87766542,105480000,59215000,95797248,bytes,True,true,0,,True,True,12524,c9f1427c86a3d4493bc8ddd04cdca3c754b2e4762f41599b9f3a7fa36254cfaf
pack,baseline_terms,False,39,candidate,90719667,106367000,62676000,94748672,bytes,True,true,0,,True,True,12524,c9f1427c86a3d4493bc8ddd04cdca3c754b2e4762f41599b9f3a7fa36254cfaf
pack,baseline_terms,False,39,baseline,148353167,171672000,66904000,92635136,bytes,True,true,0,,True,True,12524,c9f1427c86a3d4493bc8ddd04cdca3c754b2e4762f41599b9f3a7fa36254cfaf
pack,baseline_terms,False,40,baseline,143952083,169043000,64196000,92160000,bytes,True,true,0,,True,True,12524,c9f1427c86a3d4493bc8ddd04cdca3c754b2e4762f41599b9f3a7fa36254cfaf
pack,baseline_terms,False,40,candidate,90305584,109203000,61422000,93667328,bytes,True,true,0,,True,True,12524,c9f1427c86a3d4493bc8ddd04cdca3c754b2e4762f41599b9f3a7fa36254cfaf
pack,baseline_terms,False,41,candidate,96167708,111455000,65704000,94142464,bytes,True,true,0,,True,True,12524,c9f1427c86a3d4493bc8ddd04cdca3c754b2e4762f41599b9f3a7fa36254cfaf
pack,baseline_terms,False,41,baseline,146148375,170589000,64348000,92831744,bytes,True,true,0,,True,True,12524,c9f1427c86a3d4493bc8ddd04cdca3c754b2e4762f41599b9f3a7fa36254cfaf
pack,baseline_terms,False,42,baseline,148549709,171206000,68145000,92749824,bytes,True,true,0,,True,True,12524,c9f1427c86a3d4493bc8ddd04cdca3c754b2e4762f41599b9f3a7fa36254cfaf
pack,baseline_terms,False,42,candidate,91278166,109251000,64254000,93519872,bytes,True,true,0,,True,True,12524,c9f1427c86a3d4493bc8ddd04cdca3c754b2e4762f41599b9f3a7fa36254cfaf
pack,baseline_terms,False,43,candidate,86859458,109135000,60346000,91226112,bytes,True,true,0,,True,True,12524,c9f1427c86a3d4493bc8ddd04cdca3c754b2e4762f41599b9f3a7fa36254cfaf
pack,baseline_terms,False,43,baseline,143667291,166737000,64201000,91701248,bytes,True,true,0,,True,True,12524,c9f1427c86a3d4493bc8ddd04cdca3c754b2e4762f41599b9f3a7fa36254cfaf
pack,baseline_terms,False,44,baseline,148358000,170826000,67429000,92569600,bytes,True,true,0,,True,True,12524,c9f1427c86a3d4493bc8ddd04cdca3c754b2e4762f41599b9f3a7fa36254cfaf
pack,baseline_terms,False,44,candidate,96105458,112120000,66509000,94093312,bytes,True,true,0,,True,True,12524,c9f1427c86a3d4493bc8ddd04cdca3c754b2e4762f41599b9f3a7fa36254cfaf
pack,baseline_terms,False,45,candidate,92423666,108444000,61998000,94191616,bytes,True,true,0,,True,True,12524,c9f1427c86a3d4493bc8ddd04cdca3c754b2e4762f41599b9f3a7fa36254cfaf
pack,baseline_terms,False,45,baseline,146082000,166378000,63744000,91488256,bytes,True,true,0,,True,True,12524,c9f1427c86a3d4493bc8ddd04cdca3c754b2e4762f41599b9f3a7fa36254cfaf
pack,baseline_terms,False,46,baseline,140439584,163193000,65894000,91865088,bytes,True,true,0,,True,True,12524,c9f1427c86a3d4493bc8ddd04cdca3c754b2e4762f41599b9f3a7fa36254cfaf
pack,baseline_terms,False,46,candidate,92682958,111771000,62529000,94142464,bytes,True,true,0,,True,True,12524,c9f1427c86a3d4493bc8ddd04cdca3c754b2e4762f41599b9f3a7fa36254cfaf
pack,baseline_terms,False,47,candidate,92084667,108208000,61856000,94224384,bytes,True,true,0,,True,True,12524,c9f1427c86a3d4493bc8ddd04cdca3c754b2e4762f41599b9f3a7fa36254cfaf
pack,baseline_terms,False,47,baseline,145724833,167580000,70685000,92209152,bytes,True,true,0,,True,True,12524,c9f1427c86a3d4493bc8ddd04cdca3c754b2e4762f41599b9f3a7fa36254cfaf
pack,baseline_terms,False,48,baseline,141700500,166165000,62364000,93175808,bytes,True,true,0,,True,True,12524,c9f1427c86a3d4493bc8ddd04cdca3c754b2e4762f41599b9f3a7fa36254cfaf
pack,baseline_terms,False,48,candidate,89637583,110174000,63328000,92258304,bytes,True,true,0,,True,True,12524,c9f1427c86a3d4493bc8ddd04cdca3c754b2e4762f41599b9f3a7fa36254cfaf
pack,baseline_terms,False,49,candidate,96193667,111564000,67747000,93863936,bytes,True,true,0,,True,True,12524,c9f1427c86a3d4493bc8ddd04cdca3c754b2e4762f41599b9f3a7fa36254cfaf
pack,baseline_terms,False,49,baseline,145509041,169853000,64775000,92667904,bytes,True,true,0,,True,True,12524,c9f1427c86a3d4493bc8ddd04cdca3c754b2e4762f41599b9f3a7fa36254cfaf
pack,baseline_terms,False,50,baseline,146735958,171027000,65483000,92651520,bytes,True,true,0,,True,True,12524,c9f1427c86a3d4493bc8ddd04cdca3c754b2e4762f41599b9f3a7fa36254cfaf
pack,baseline_terms,False,50,candidate,93099750,112573000,65880000,93388800,bytes,True,true,0,,True,True,12524,c9f1427c86a3d4493bc8ddd04cdca3c754b2e4762f41599b9f3a7fa36254cfaf
pack,baseline_terms,False,51,candidate,89872000,108009000,59534000,95223808,bytes,True,true,0,,True,True,12524,c9f1427c86a3d4493bc8ddd04cdca3c754b2e4762f41599b9f3a7fa36254cfaf
pack,baseline_terms,False,51,baseline,148481041,170291000,67739000,92405760,bytes,True,true,0,,True,True,12524,c9f1427c86a3d4493bc8ddd04cdca3c754b2e4762f41599b9f3a7fa36254cfaf
pack,baseline_terms,False,52,baseline,160768833,181234000,68684000,92667904,bytes,True,true,0,,True,True,12524,c9f1427c86a3d4493bc8ddd04cdca3c754b2e4762f41599b9f3a7fa36254cfaf
pack,baseline_terms,False,52,candidate,94167791,113351000,61449000,90914816,bytes,True,true,0,,True,True,12524,c9f1427c86a3d4493bc8ddd04cdca3c754b2e4762f41599b9f3a7fa36254cfaf
pack,baseline_terms,False,53,candidate,98498125,115921000,68261000,94584832,bytes,True,true,0,,True,True,12524,c9f1427c86a3d4493bc8ddd04cdca3c754b2e4762f41599b9f3a7fa36254cfaf
pack,baseline_terms,False,53,baseline,148272584,172295000,66633000,93044736,bytes,True,true,0,,True,True,12524,c9f1427c86a3d4493bc8ddd04cdca3c754b2e4762f41599b9f3a7fa36254cfaf
pack,baseline_terms,False,54,baseline,145267542,170652000,63566000,91865088,bytes,True,true,0,,True,True,12524,c9f1427c86a3d4493bc8ddd04cdca3c754b2e4762f41599b9f3a7fa36254cfaf
pack,baseline_terms,False,54,candidate,96080334,111524000,68013000,95338496,bytes,True,true,0,,True,True,12524,c9f1427c86a3d4493bc8ddd04cdca3c754b2e4762f41599b9f3a7fa36254cfaf
pack,baseline_terms,False,55,candidate,92838459,111119000,64065000,94158848,bytes,True,true,0,,True,True,12524,c9f1427c86a3d4493bc8ddd04cdca3c754b2e4762f41599b9f3a7fa36254cfaf
pack,baseline_terms,False,55,baseline,143998792,169643000,62807000,92078080,bytes,True,true,0,,True,True,12524,c9f1427c86a3d4493bc8ddd04cdca3c754b2e4762f41599b9f3a7fa36254cfaf
pack,baseline_terms,False,56,baseline,207418125,182273000,77200000,93143040,bytes,True,true,0,,True,True,12524,c9f1427c86a3d4493bc8ddd04cdca3c754b2e4762f41599b9f3a7fa36254cfaf
pack,baseline_terms,False,56,candidate,89753417,109265000,62656000,91439104,bytes,True,true,0,,True,True,12524,c9f1427c86a3d4493bc8ddd04cdca3c754b2e4762f41599b9f3a7fa36254cfaf
pack,baseline_terms,False,57,candidate,92321625,109419000,67007000,93978624,bytes,True,true,0,,True,True,12524,c9f1427c86a3d4493bc8ddd04cdca3c754b2e4762f41599b9f3a7fa36254cfaf
pack,baseline_terms,False,57,baseline,156332666,173844000,67025000,92127232,bytes,True,true,0,,True,True,12524,c9f1427c86a3d4493bc8ddd04cdca3c754b2e4762f41599b9f3a7fa36254cfaf
pack,baseline_terms,False,58,baseline,155930375,172263000,71102000,91996160,bytes,True,true,0,,True,True,12524,c9f1427c86a3d4493bc8ddd04cdca3c754b2e4762f41599b9f3a7fa36254cfaf
pack,baseline_terms,False,58,candidate,93536625,110063000,64445000,94109696,bytes,True,true,0,,True,True,12524,c9f1427c86a3d4493bc8ddd04cdca3c754b2e4762f41599b9f3a7fa36254cfaf
pack,baseline_terms,False,59,candidate,94755792,112575000,64680000,92536832,bytes,True,true,0,,True,True,12524,c9f1427c86a3d4493bc8ddd04cdca3c754b2e4762f41599b9f3a7fa36254cfaf
pack,baseline_terms,False,59,baseline,143913500,168208000,63606000,93077504,bytes,True,true,0,,True,True,12524,c9f1427c86a3d4493bc8ddd04cdca3c754b2e4762f41599b9f3a7fa36254cfaf
pack,baseline_terms,False,60,baseline,144468416,171807000,64838000,92438528,bytes,True,true,0,,True,True,12524,c9f1427c86a3d4493bc8ddd04cdca3c754b2e4762f41599b9f3a7fa36254cfaf
pack,baseline_terms,False,60,candidate,92845541,110497000,65660000,95535104,bytes,True,true,0,,True,True,12524,c9f1427c86a3d4493bc8ddd04cdca3c754b2e4762f41599b9f3a7fa36254cfaf
pack,baseline_terms,False,61,candidate,96481500,114342000,67641000,94355456,bytes,True,true,0,,True,True,12524,c9f1427c86a3d4493bc8ddd04cdca3c754b2e4762f41599b9f3a7fa36254cfaf
pack,baseline_terms,False,61,baseline,147320291,168224000,67695000,92667904,bytes,True,true,0,,True,True,12524,c9f1427c86a3d4493bc8ddd04cdca3c754b2e4762f41599b9f3a7fa36254cfaf
pack,baseline_terms,False,62,baseline,143766541,172447000,64916000,93192192,bytes,True,true,0,,True,True,12524,c9f1427c86a3d4493bc8ddd04cdca3c754b2e4762f41599b9f3a7fa36254cfaf
pack,baseline_terms,False,62,candidate,91205375,107638000,62936000,93618176,bytes,True,true,0,,True,True,12524,c9f1427c86a3d4493bc8ddd04cdca3c754b2e4762f41599b9f3a7fa36254cfaf
pack,baseline_terms,False,63,candidate,89384208,109873000,59251000,90931200,bytes,True,true,0,,True,True,12524,c9f1427c86a3d4493bc8ddd04cdca3c754b2e4762f41599b9f3a7fa36254cfaf
pack,baseline_terms,False,63,baseline,146352166,168210000,65139000,92733440,bytes,True,true,0,,True,True,12524,c9f1427c86a3d4493bc8ddd04cdca3c754b2e4762f41599b9f3a7fa36254cfaf
pack,baseline_terms,False,64,baseline,143551667,166272000,66285000,93093888,bytes,True,true,0,,True,True,12524,c9f1427c86a3d4493bc8ddd04cdca3c754b2e4762f41599b9f3a7fa36254cfaf
pack,baseline_terms,False,64,candidate,96005000,111846000,68032000,94191616,bytes,True,true,0,,True,True,12524,c9f1427c86a3d4493bc8ddd04cdca3c754b2e4762f41599b9f3a7fa36254cfaf
pack,baseline_terms,False,65,candidate,94163125,111642000,67824000,91832320,bytes,True,true,0,,True,True,12524,c9f1427c86a3d4493bc8ddd04cdca3c754b2e4762f41599b9f3a7fa36254cfaf
pack,baseline_terms,False,65,baseline,162091833,171805000,79521000,94666752,bytes,True,true,0,,True,True,12524,c9f1427c86a3d4493bc8ddd04cdca3c754b2e4762f41599b9f3a7fa36254cfaf
pack,baseline_terms,False,66,baseline,148299875,165448000,66189000,93421568,bytes,True,true,0,,True,True,12524,c9f1427c86a3d4493bc8ddd04cdca3c754b2e4762f41599b9f3a7fa36254cfaf
pack,baseline_terms,False,66,candidate,88710916,111607000,61561000,95158272,bytes,True,true,0,,True,True,12524,c9f1427c86a3d4493bc8ddd04cdca3c754b2e4762f41599b9f3a7fa36254cfaf
pack,baseline_terms,False,67,candidate,97639709,116200000,68862000,93814784,bytes,True,true,0,,True,True,12524,c9f1427c86a3d4493bc8ddd04cdca3c754b2e4762f41599b9f3a7fa36254cfaf
pack,baseline_terms,False,67,baseline,151781833,171052000,71742000,92717056,bytes,True,true,0,,True,True,12524,c9f1427c86a3d4493bc8ddd04cdca3c754b2e4762f41599b9f3a7fa36254cfaf
pack,baseline_terms,False,68,baseline,149089583,168795000,71125000,92798976,bytes,True,true,0,,True,True,12524,c9f1427c86a3d4493bc8ddd04cdca3c754b2e4762f41599b9f3a7fa36254cfaf
pack,baseline_terms,False,68,candidate,107286291,115439000,77454000,91832320,bytes,True,true,0,,True,True,12524,c9f1427c86a3d4493bc8ddd04cdca3c754b2e4762f41599b9f3a7fa36254cfaf
pack,baseline_terms,False,69,candidate,93584417,111529000,67706000,91160576,bytes,True,true,0,,True,True,12524,c9f1427c86a3d4493bc8ddd04cdca3c754b2e4762f41599b9f3a7fa36254cfaf
pack,baseline_terms,False,69,baseline,151692000,168958000,73300000,92110848,bytes,True,true,0,,True,True,12524,c9f1427c86a3d4493bc8ddd04cdca3c754b2e4762f41599b9f3a7fa36254cfaf
pack,baseline_terms,False,70,baseline,148105750,170587000,69442000,91963392,bytes,True,true,0,,True,True,12524,c9f1427c86a3d4493bc8ddd04cdca3c754b2e4762f41599b9f3a7fa36254cfaf
pack,baseline_terms,False,70,candidate,90447834,109951000,63666000,91340800,bytes,True,true,0,,True,True,12524,c9f1427c86a3d4493bc8ddd04cdca3c754b2e4762f41599b9f3a7fa36254cfaf
pack,baseline_terms,False,71,candidate,88162750,109464000,60698000,93143040,bytes,True,true,0,,True,True,12524,c9f1427c86a3d4493bc8ddd04cdca3c754b2e4762f41599b9f3a7fa36254cfaf
pack,baseline_terms,False,71,baseline,147053792,168359000,66505000,91832320,bytes,True,true,0,,True,True,12524,c9f1427c86a3d4493bc8ddd04cdca3c754b2e4762f41599b9f3a7fa36254cfaf
pack,baseline_terms,False,72,baseline,147391958,171045000,66839000,92782592,bytes,True,true,0,,True,True,12524,c9f1427c86a3d4493bc8ddd04cdca3c754b2e4762f41599b9f3a7fa36254cfaf
pack,baseline_terms,False,72,candidate,92927541,111886000,66470000,91324416,bytes,True,true,0,,True,True,12524,c9f1427c86a3d4493bc8ddd04cdca3c754b2e4762f41599b9f3a7fa36254cfaf
pack,baseline_terms,False,73,candidate,91071292,110936000,63640000,95191040,bytes,True,true,0,,True,True,12524,c9f1427c86a3d4493bc8ddd04cdca3c754b2e4762f41599b9f3a7fa36254cfaf
pack,baseline_terms,False,73,baseline,142807000,166913000,63954000,92291072,bytes,True,true,0,,True,True,12524,c9f1427c86a3d4493bc8ddd04cdca3c754b2e4762f41599b9f3a7fa36254cfaf
pack,baseline_terms,False,74,baseline,146312125,169467000,65137000,92782592,bytes,True,true,0,,True,True,12524,c9f1427c86a3d4493bc8ddd04cdca3c754b2e4762f41599b9f3a7fa36254cfaf
pack,baseline_terms,False,74,candidate,93435583,111871000,64933000,94126080,bytes,True,true,0,,True,True,12524,c9f1427c86a3d4493bc8ddd04cdca3c754b2e4762f41599b9f3a7fa36254cfaf
pack,baseline_terms,False,75,candidate,96243291,108540000,64983000,95174656,bytes,True,true,0,,True,True,12524,c9f1427c86a3d4493bc8ddd04cdca3c754b2e4762f41599b9f3a7fa36254cfaf
pack,baseline_terms,False,75,baseline,145077958,167519000,65971000,92766208,bytes,True,true,0,,True,True,12524,c9f1427c86a3d4493bc8ddd04cdca3c754b2e4762f41599b9f3a7fa36254cfaf
pack,baseline_terms,False,76,baseline,145644208,168959000,64492000,93011968,bytes,True,true,0,,True,True,12524,c9f1427c86a3d4493bc8ddd04cdca3c754b2e4762f41599b9f3a7fa36254cfaf
pack,baseline_terms,False,76,candidate,89139750,109611000,62128000,94552064,bytes,True,true,0,,True,True,12524,c9f1427c86a3d4493bc8ddd04cdca3c754b2e4762f41599b9f3a7fa36254cfaf
pack,baseline_terms,False,77,candidate,143746250,110844000,66450000,91783168,bytes,True,true,0,,True,True,12524,c9f1427c86a3d4493bc8ddd04cdca3c754b2e4762f41599b9f3a7fa36254cfaf
pack,baseline_terms,False,77,baseline,143895792,169557000,64487000,93356032,bytes,True,true,0,,True,True,12524,c9f1427c86a3d4493bc8ddd04cdca3c754b2e4762f41599b9f3a7fa36254cfaf
pack,baseline_terms,False,78,baseline,147967667,171623000,66709000,92291072,bytes,True,true,0,,True,True,12524,c9f1427c86a3d4493bc8ddd04cdca3c754b2e4762f41599b9f3a7fa36254cfaf
pack,baseline_terms,False,78,candidate,93299708,109534000,64293000,93945856,bytes,True,true,0,,True,True,12524,c9f1427c86a3d4493bc8ddd04cdca3c754b2e4762f41599b9f3a7fa36254cfaf
pack,baseline_terms,False,79,candidate,91062250,110570000,63819000,94027776,bytes,True,true,0,,True,True,12524,c9f1427c86a3d4493bc8ddd04cdca3c754b2e4762f41599b9f3a7fa36254cfaf
pack,baseline_terms,False,79,baseline,144785292,168849000,64146000,91521024,bytes,True,true,0,,True,True,12524,c9f1427c86a3d4493bc8ddd04cdca3c754b2e4762f41599b9f3a7fa36254cfaf
pack,baseline_terms,False,80,baseline,143008542,169052000,62823000,92749824,bytes,True,true,0,,True,True,12524,c9f1427c86a3d4493bc8ddd04cdca3c754b2e4762f41599b9f3a7fa36254cfaf
pack,baseline_terms,False,80,candidate,88588375,107796000,61604000,91521024,bytes,True,true,0,,True,True,12524,c9f1427c86a3d4493bc8ddd04cdca3c754b2e4762f41599b9f3a7fa36254cfaf
pack,baseline_terms,False,81,candidate,90041792,108043000,61664000,94322688,bytes,True,true,0,,True,True,12524,c9f1427c86a3d4493bc8ddd04cdca3c754b2e4762f41599b9f3a7fa36254cfaf
pack,baseline_terms,False,81,baseline,146028375,166951000,64484000,92831744,bytes,True,true,0,,True,True,12524,c9f1427c86a3d4493bc8ddd04cdca3c754b2e4762f41599b9f3a7fa36254cfaf
pack,baseline_terms,False,82,baseline,146554459,171212000,66712000,92454912,bytes,True,true,0,,True,True,12524,c9f1427c86a3d4493bc8ddd04cdca3c754b2e4762f41599b9f3a7fa36254cfaf
pack,baseline_terms,False,82,candidate,91453833,109265000,64696000,93437952,bytes,True,true,0,,True,True,12524,c9f1427c86a3d4493bc8ddd04cdca3c754b2e4762f41599b9f3a7fa36254cfaf
pack,baseline_terms,False,83,candidate,92246250,109277000,67365000,91275264,bytes,True,true,0,,True,True,12524,c9f1427c86a3d4493bc8ddd04cdca3c754b2e4762f41599b9f3a7fa36254cfaf
pack,baseline_terms,False,83,baseline,142063125,164302000,63731000,92192768,bytes,True,true,0,,True,True,12524,c9f1427c86a3d4493bc8ddd04cdca3c754b2e4762f41599b9f3a7fa36254cfaf
pack,baseline_terms,False,84,baseline,147577750,170149000,67160000,92405760,bytes,True,true,0,,True,True,12524,c9f1427c86a3d4493bc8ddd04cdca3c754b2e4762f41599b9f3a7fa36254cfaf
pack,baseline_terms,False,84,candidate,94459667,114296000,63867000,92110848,bytes,True,true,0,,True,True,12524,c9f1427c86a3d4493bc8ddd04cdca3c754b2e4762f41599b9f3a7fa36254cfaf
pack,baseline_terms,False,85,candidate,92142958,112177000,64265000,94158848,bytes,True,true,0,,True,True,12524,c9f1427c86a3d4493bc8ddd04cdca3c754b2e4762f41599b9f3a7fa36254cfaf
pack,baseline_terms,False,85,baseline,157313542,174837000,73261000,92782592,bytes,True,true,0,,True,True,12524,c9f1427c86a3d4493bc8ddd04cdca3c754b2e4762f41599b9f3a7fa36254cfaf
pack,baseline_terms,False,86,baseline,151285042,172008000,70445000,92864512,bytes,True,true,0,,True,True,12524,c9f1427c86a3d4493bc8ddd04cdca3c754b2e4762f41599b9f3a7fa36254cfaf
pack,baseline_terms,False,86,candidate,88987708,108961000,61012000,92782592,bytes,True,true,0,,True,True,12524,c9f1427c86a3d4493bc8ddd04cdca3c754b2e4762f41599b9f3a7fa36254cfaf
pack,baseline_terms,False,87,candidate,93529333,109282000,65524000,91865088,bytes,True,true,0,,True,True,12524,c9f1427c86a3d4493bc8ddd04cdca3c754b2e4762f41599b9f3a7fa36254cfaf
pack,baseline_terms,False,87,baseline,142703416,163748000,69314000,93306880,bytes,True,true,0,,True,True,12524,c9f1427c86a3d4493bc8ddd04cdca3c754b2e4762f41599b9f3a7fa36254cfaf
pack,baseline_terms,False,88,baseline,141743334,167515000,63863000,92913664,bytes,True,true,0,,True,True,12524,c9f1427c86a3d4493bc8ddd04cdca3c754b2e4762f41599b9f3a7fa36254cfaf
pack,baseline_terms,False,88,candidate,91457125,107994000,64352000,95289344,bytes,True,true,0,,True,True,12524,c9f1427c86a3d4493bc8ddd04cdca3c754b2e4762f41599b9f3a7fa36254cfaf
pack,baseline_terms,False,89,candidate,90878875,109361000,61927000,94109696,bytes,True,true,0,,True,True,12524,c9f1427c86a3d4493bc8ddd04cdca3c754b2e4762f41599b9f3a7fa36254cfaf
pack,baseline_terms,False,89,baseline,143745250,169770000,63700000,92749824,bytes,True,true,0,,True,True,12524,c9f1427c86a3d4493bc8ddd04cdca3c754b2e4762f41599b9f3a7fa36254cfaf
pack,baseline_terms,False,90,baseline,146861834,168240000,67395000,92749824,bytes,True,true,0,,True,True,12524,c9f1427c86a3d4493bc8ddd04cdca3c754b2e4762f41599b9f3a7fa36254cfaf
pack,baseline_terms,False,90,candidate,94445833,109326000,67671000,94093312,bytes,True,true,0,,True,True,12524,c9f1427c86a3d4493bc8ddd04cdca3c754b2e4762f41599b9f3a7fa36254cfaf
pack,baseline_terms,False,91,candidate,88540166,103990000,63533000,95649792,bytes,True,true,0,,True,True,12524,c9f1427c86a3d4493bc8ddd04cdca3c754b2e4762f41599b9f3a7fa36254cfaf
pack,baseline_terms,False,91,baseline,147409042,169960000,66351000,92848128,bytes,True,true,0,,True,True,12524,c9f1427c86a3d4493bc8ddd04cdca3c754b2e4762f41599b9f3a7fa36254cfaf
pack,baseline_terms,False,92,baseline,143845167,168500000,64898000,92504064,bytes,True,true,0,,True,True,12524,c9f1427c86a3d4493bc8ddd04cdca3c754b2e4762f41599b9f3a7fa36254cfaf
pack,baseline_terms,False,92,candidate,89754666,109562000,61223000,93683712,bytes,True,true,0,,True,True,12524,c9f1427c86a3d4493bc8ddd04cdca3c754b2e4762f41599b9f3a7fa36254cfaf
pack,baseline_terms,False,93,candidate,93388167,111181000,65654000,91602944,bytes,True,true,0,,True,True,12524,c9f1427c86a3d4493bc8ddd04cdca3c754b2e4762f41599b9f3a7fa36254cfaf
pack,baseline_terms,False,93,baseline,146090291,170128000,66185000,93143040,bytes,True,true,0,,True,True,12524,c9f1427c86a3d4493bc8ddd04cdca3c754b2e4762f41599b9f3a7fa36254cfaf
pack,baseline_terms,False,94,baseline,152490042,174296000,68958000,91488256,bytes,True,true,0,,True,True,12524,c9f1427c86a3d4493bc8ddd04cdca3c754b2e4762f41599b9f3a7fa36254cfaf
pack,baseline_terms,False,94,candidate,93263042,112058000,66066000,94126080,bytes,True,true,0,,True,True,12524,c9f1427c86a3d4493bc8ddd04cdca3c754b2e4762f41599b9f3a7fa36254cfaf
pack,baseline_terms,False,95,candidate,91064584,108884000,65236000,93552640,bytes,True,true,0,,True,True,12524,c9f1427c86a3d4493bc8ddd04cdca3c754b2e4762f41599b9f3a7fa36254cfaf
pack,baseline_terms,False,95,baseline,140621541,166875000,64897000,92405760,bytes,True,true,0,,True,True,12524,c9f1427c86a3d4493bc8ddd04cdca3c754b2e4762f41599b9f3a7fa36254cfaf
pack,baseline_terms,False,96,baseline,144128416,167388000,65550000,93044736,bytes,True,true,0,,True,True,12524,c9f1427c86a3d4493bc8ddd04cdca3c754b2e4762f41599b9f3a7fa36254cfaf
pack,baseline_terms,False,96,candidate,90847250,108883000,65537000,94650368,bytes,True,true,0,,True,True,12524,c9f1427c86a3d4493bc8ddd04cdca3c754b2e4762f41599b9f3a7fa36254cfaf
pack,baseline_terms,False,97,candidate,93371791,111771000,64536000,94011392,bytes,True,true,0,,True,True,12524,c9f1427c86a3d4493bc8ddd04cdca3c754b2e4762f41599b9f3a7fa36254cfaf
pack,baseline_terms,False,97,baseline,146313458,167474000,65933000,91537408,bytes,True,true,0,,True,True,12524,c9f1427c86a3d4493bc8ddd04cdca3c754b2e4762f41599b9f3a7fa36254cfaf
pack,baseline_terms,False,98,baseline,145106167,167445000,62171000,93585408,bytes,True,true,0,,True,True,12524,c9f1427c86a3d4493bc8ddd04cdca3c754b2e4762f41599b9f3a7fa36254cfaf
pack,baseline_terms,False,98,candidate,92711250,114997000,65324000,95125504,bytes,True,true,0,,True,True,12524,c9f1427c86a3d4493bc8ddd04cdca3c754b2e4762f41599b9f3a7fa36254cfaf
pack,baseline_terms,False,99,candidate,143958208,107406000,68189000,95584256,bytes,True,true,0,,True,True,12524,c9f1427c86a3d4493bc8ddd04cdca3c754b2e4762f41599b9f3a7fa36254cfaf
pack,baseline_terms,False,99,baseline,145824667,167144000,69042000,93290496,bytes,True,true,0,,True,True,12524,c9f1427c86a3d4493bc8ddd04cdca3c754b2e4762f41599b9f3a7fa36254cfaf
pack,named_definition,True,0,baseline,147957916,170393000,64545000,92880896,bytes,True,true,0,,True,True,13016,7a2343f7061f8776e30a5699ceed9f3bd3c1f60ad809fd10998d264f1522df90
pack,named_definition,True,0,candidate,93614708,111857000,63817000,92045312,bytes,True,true,0,,True,True,13016,7a2343f7061f8776e30a5699ceed9f3bd3c1f60ad809fd10998d264f1522df90
pack,named_definition,True,1,candidate,92094000,112518000,62867000,92143616,bytes,True,true,0,,True,True,13016,7a2343f7061f8776e30a5699ceed9f3bd3c1f60ad809fd10998d264f1522df90
pack,named_definition,True,1,baseline,155836708,175135000,69133000,91258880,bytes,True,true,0,,True,True,13016,7a2343f7061f8776e30a5699ceed9f3bd3c1f60ad809fd10998d264f1522df90
pack,named_definition,True,2,baseline,162923709,181397000,71530000,90865664,bytes,True,true,0,,True,True,13016,7a2343f7061f8776e30a5699ceed9f3bd3c1f60ad809fd10998d264f1522df90
pack,named_definition,True,2,candidate,96014417,108184000,65921000,93650944,bytes,True,true,0,,True,True,13016,7a2343f7061f8776e30a5699ceed9f3bd3c1f60ad809fd10998d264f1522df90
pack,named_definition,False,0,baseline,155191292,176262000,70707000,91652096,bytes,True,true,0,,True,True,13016,7a2343f7061f8776e30a5699ceed9f3bd3c1f60ad809fd10998d264f1522df90
pack,named_definition,False,0,candidate,97065667,113535000,66423000,92717056,bytes,True,true,0,,True,True,13016,7a2343f7061f8776e30a5699ceed9f3bd3c1f60ad809fd10998d264f1522df90
pack,named_definition,False,1,candidate,95438042,109235000,64953000,93650944,bytes,True,true,0,,True,True,13016,7a2343f7061f8776e30a5699ceed9f3bd3c1f60ad809fd10998d264f1522df90
pack,named_definition,False,1,baseline,150788125,174841000,66447000,91029504,bytes,True,true,0,,True,True,13016,7a2343f7061f8776e30a5699ceed9f3bd3c1f60ad809fd10998d264f1522df90
pack,named_definition,False,2,baseline,150192666,177048000,65982000,91455488,bytes,True,true,0,,True,True,13016,7a2343f7061f8776e30a5699ceed9f3bd3c1f60ad809fd10998d264f1522df90
pack,named_definition,False,2,candidate,97094708,113738000,67195000,92209152,bytes,True,true,0,,True,True,13016,7a2343f7061f8776e30a5699ceed9f3bd3c1f60ad809fd10998d264f1522df90
pack,named_definition,False,3,candidate,93154292,109115000,64593000,93749248,bytes,True,true,0,,True,True,13016,7a2343f7061f8776e30a5699ceed9f3bd3c1f60ad809fd10998d264f1522df90
pack,named_definition,False,3,baseline,151902791,173776000,68364000,92209152,bytes,True,true,0,,True,True,13016,7a2343f7061f8776e30a5699ceed9f3bd3c1f60ad809fd10998d264f1522df90
pack,named_definition,False,4,baseline,147593083,169989000,66762000,91947008,bytes,True,true,0,,True,True,13016,7a2343f7061f8776e30a5699ceed9f3bd3c1f60ad809fd10998d264f1522df90
pack,named_definition,False,4,candidate,93799875,110800000,66974000,92372992,bytes,True,true,0,,True,True,13016,7a2343f7061f8776e30a5699ceed9f3bd3c1f60ad809fd10998d264f1522df90
pack,named_definition,False,5,candidate,97295416,113664000,66244000,92651520,bytes,True,true,0,,True,True,13016,7a2343f7061f8776e30a5699ceed9f3bd3c1f60ad809fd10998d264f1522df90
pack,named_definition,False,5,baseline,155719167,175158000,70333000,92700672,bytes,True,true,0,,True,True,13016,7a2343f7061f8776e30a5699ceed9f3bd3c1f60ad809fd10998d264f1522df90
pack,named_definition,False,6,baseline,154744917,174235000,69617000,91865088,bytes,True,true,0,,True,True,13016,7a2343f7061f8776e30a5699ceed9f3bd3c1f60ad809fd10998d264f1522df90
pack,named_definition,False,6,candidate,94895125,112586000,66601000,92520448,bytes,True,true,0,,True,True,13016,7a2343f7061f8776e30a5699ceed9f3bd3c1f60ad809fd10998d264f1522df90
pack,named_definition,False,7,candidate,95494875,113459000,66786000,91160576,bytes,True,true,0,,True,True,13016,7a2343f7061f8776e30a5699ceed9f3bd3c1f60ad809fd10998d264f1522df90
pack,named_definition,False,7,baseline,149640792,173284000,67416000,92045312,bytes,True,true,0,,True,True,13016,7a2343f7061f8776e30a5699ceed9f3bd3c1f60ad809fd10998d264f1522df90
pack,named_definition,False,8,baseline,149051583,171235000,63869000,92733440,bytes,True,true,0,,True,True,13016,7a2343f7061f8776e30a5699ceed9f3bd3c1f60ad809fd10998d264f1522df90
pack,named_definition,False,8,candidate,94550958,114044000,63879000,92340224,bytes,True,true,0,,True,True,13016,7a2343f7061f8776e30a5699ceed9f3bd3c1f60ad809fd10998d264f1522df90
pack,named_definition,False,9,candidate,102962750,110910000,71447000,93782016,bytes,True,true,0,,True,True,13016,7a2343f7061f8776e30a5699ceed9f3bd3c1f60ad809fd10998d264f1522df90
pack,named_definition,False,9,baseline,149266916,174166000,67120000,91832320,bytes,True,true,0,,True,True,13016,7a2343f7061f8776e30a5699ceed9f3bd3c1f60ad809fd10998d264f1522df90
pack,named_definition,False,10,baseline,147749458,169552000,64361000,91996160,bytes,True,true,0,,True,True,13016,7a2343f7061f8776e30a5699ceed9f3bd3c1f60ad809fd10998d264f1522df90
pack,named_definition,False,10,candidate,99014708,116221000,70519000,91734016,bytes,True,true,0,,True,True,13016,7a2343f7061f8776e30a5699ceed9f3bd3c1f60ad809fd10998d264f1522df90
pack,named_definition,False,11,candidate,93871416,111839000,64811000,92225536,bytes,True,true,0,,True,True,13016,7a2343f7061f8776e30a5699ceed9f3bd3c1f60ad809fd10998d264f1522df90
pack,named_definition,False,11,baseline,151365458,172936000,65901000,91979776,bytes,True,true,0,,True,True,13016,7a2343f7061f8776e30a5699ceed9f3bd3c1f60ad809fd10998d264f1522df90
pack,named_definition,False,12,baseline,155077541,173222000,67026000,92094464,bytes,True,true,0,,True,True,13016,7a2343f7061f8776e30a5699ceed9f3bd3c1f60ad809fd10998d264f1522df90
pack,named_definition,False,12,candidate,100145084,118162000,69313000,92831744,bytes,True,true,0,,True,True,13016,7a2343f7061f8776e30a5699ceed9f3bd3c1f60ad809fd10998d264f1522df90
pack,named_definition,False,13,candidate,97557750,111529000,71367000,92241920,bytes,True,true,0,,True,True,13016,7a2343f7061f8776e30a5699ceed9f3bd3c1f60ad809fd10998d264f1522df90
pack,named_definition,False,13,baseline,148048000,168720000,65040000,91815936,bytes,True,true,0,,True,True,13016,7a2343f7061f8776e30a5699ceed9f3bd3c1f60ad809fd10998d264f1522df90
pack,named_definition,False,14,baseline,149629375,172713000,64666000,90816512,bytes,True,true,0,,True,True,13016,7a2343f7061f8776e30a5699ceed9f3bd3c1f60ad809fd10998d264f1522df90
pack,named_definition,False,14,candidate,91756791,110935000,61168000,92291072,bytes,True,true,0,,True,True,13016,7a2343f7061f8776e30a5699ceed9f3bd3c1f60ad809fd10998d264f1522df90
pack,named_definition,False,15,candidate,94830583,107878000,64308000,93601792,bytes,True,true,0,,True,True,13016,7a2343f7061f8776e30a5699ceed9f3bd3c1f60ad809fd10998d264f1522df90
pack,named_definition,False,15,baseline,164727959,180781000,70641000,91635712,bytes,True,true,0,,True,True,13016,7a2343f7061f8776e30a5699ceed9f3bd3c1f60ad809fd10998d264f1522df90
pack,named_definition,False,16,baseline,154001083,172842000,74212000,92307456,bytes,True,true,0,,True,True,13016,7a2343f7061f8776e30a5699ceed9f3bd3c1f60ad809fd10998d264f1522df90
pack,named_definition,False,16,candidate,93466750,112240000,64423000,92667904,bytes,True,true,0,,True,True,13016,7a2343f7061f8776e30a5699ceed9f3bd3c1f60ad809fd10998d264f1522df90
pack,named_definition,False,17,candidate,92337250,107322000,63202000,93143040,bytes,True,true,0,,True,True,13016,7a2343f7061f8776e30a5699ceed9f3bd3c1f60ad809fd10998d264f1522df90
pack,named_definition,False,17,baseline,148008291,170085000,67547000,91963392,bytes,True,true,0,,True,True,13016,7a2343f7061f8776e30a5699ceed9f3bd3c1f60ad809fd10998d264f1522df90
pack,named_definition,False,18,baseline,149403583,172641000,63477000,92028928,bytes,True,true,0,,True,True,13016,7a2343f7061f8776e30a5699ceed9f3bd3c1f60ad809fd10998d264f1522df90
pack,named_definition,False,18,candidate,98590791,110749000,67497000,93175808,bytes,True,true,0,,True,True,13016,7a2343f7061f8776e30a5699ceed9f3bd3c1f60ad809fd10998d264f1522df90
pack,named_definition,False,19,candidate,104890375,112580000,73850000,93519872,bytes,True,true,0,,True,True,13016,7a2343f7061f8776e30a5699ceed9f3bd3c1f60ad809fd10998d264f1522df90
pack,named_definition,False,19,baseline,179000041,184120000,76818000,92340224,bytes,True,true,0,,True,True,13016,7a2343f7061f8776e30a5699ceed9f3bd3c1f60ad809fd10998d264f1522df90
pack,named_definition,False,20,baseline,156655833,177221000,70209000,91684864,bytes,True,true,0,,True,True,13016,7a2343f7061f8776e30a5699ceed9f3bd3c1f60ad809fd10998d264f1522df90
pack,named_definition,False,20,candidate,102030750,111370000,69746000,92798976,bytes,True,true,0,,True,True,13016,7a2343f7061f8776e30a5699ceed9f3bd3c1f60ad809fd10998d264f1522df90
pack,named_definition,False,21,candidate,104999000,110781000,69348000,93372416,bytes,True,true,0,,True,True,13016,7a2343f7061f8776e30a5699ceed9f3bd3c1f60ad809fd10998d264f1522df90
pack,named_definition,False,21,baseline,161528291,178380000,72667000,92422144,bytes,True,true,0,,True,True,13016,7a2343f7061f8776e30a5699ceed9f3bd3c1f60ad809fd10998d264f1522df90
pack,named_definition,False,22,baseline,150866292,172420000,65404000,92045312,bytes,True,true,0,,True,True,13016,7a2343f7061f8776e30a5699ceed9f3bd3c1f60ad809fd10998d264f1522df90
pack,named_definition,False,22,candidate,97764625,114972000,68517000,90505216,bytes,True,true,0,,True,True,13016,7a2343f7061f8776e30a5699ceed9f3bd3c1f60ad809fd10998d264f1522df90
pack,named_definition,False,23,candidate,93499334,114704000,65490000,91619328,bytes,True,true,0,,True,True,13016,7a2343f7061f8776e30a5699ceed9f3bd3c1f60ad809fd10998d264f1522df90
pack,named_definition,False,23,baseline,225221083,186925000,78622000,92078080,bytes,True,true,0,,True,True,13016,7a2343f7061f8776e30a5699ceed9f3bd3c1f60ad809fd10998d264f1522df90
pack,named_definition,False,24,baseline,150040875,176438000,68235000,91389952,bytes,True,true,0,,True,True,13016,7a2343f7061f8776e30a5699ceed9f3bd3c1f60ad809fd10998d264f1522df90
pack,named_definition,False,24,candidate,91016459,106910000,61361000,93405184,bytes,True,true,0,,True,True,13016,7a2343f7061f8776e30a5699ceed9f3bd3c1f60ad809fd10998d264f1522df90
pack,named_definition,False,25,candidate,99478708,114060000,67240000,92241920,bytes,True,true,0,,True,True,13016,7a2343f7061f8776e30a5699ceed9f3bd3c1f60ad809fd10998d264f1522df90
pack,named_definition,False,25,baseline,157598167,176388000,71861000,90701824,bytes,True,true,0,,True,True,13016,7a2343f7061f8776e30a5699ceed9f3bd3c1f60ad809fd10998d264f1522df90
pack,named_definition,False,26,baseline,147680334,172620000,66557000,91586560,bytes,True,true,0,,True,True,13016,7a2343f7061f8776e30a5699ceed9f3bd3c1f60ad809fd10998d264f1522df90
pack,named_definition,False,26,candidate,92627500,111325000,63070000,92340224,bytes,True,true,0,,True,True,13016,7a2343f7061f8776e30a5699ceed9f3bd3c1f60ad809fd10998d264f1522df90
pack,named_definition,False,27,candidate,93390583,112806000,63963000,92274688,bytes,True,true,0,,True,True,13016,7a2343f7061f8776e30a5699ceed9f3bd3c1f60ad809fd10998d264f1522df90
pack,named_definition,False,27,baseline,152735458,175117000,67764000,90800128,bytes,True,true,0,,True,True,13016,7a2343f7061f8776e30a5699ceed9f3bd3c1f60ad809fd10998d264f1522df90
pack,named_definition,False,28,baseline,167769709,180543000,67978000,92291072,bytes,True,true,0,,True,True,13016,7a2343f7061f8776e30a5699ceed9f3bd3c1f60ad809fd10998d264f1522df90
pack,named_definition,False,28,candidate,100942125,111110000,69630000,93552640,bytes,True,true,0,,True,True,13016,7a2343f7061f8776e30a5699ceed9f3bd3c1f60ad809fd10998d264f1522df90
pack,named_definition,False,29,candidate,150936708,113057000,71611000,91701248,bytes,True,true,0,,True,True,13016,7a2343f7061f8776e30a5699ceed9f3bd3c1f60ad809fd10998d264f1522df90
pack,named_definition,False,29,baseline,155399083,173070000,70576000,93061120,bytes,True,true,0,,True,True,13016,7a2343f7061f8776e30a5699ceed9f3bd3c1f60ad809fd10998d264f1522df90
pack,named_definition,False,30,baseline,154748542,174579000,66278000,93601792,bytes,True,true,0,,True,True,13016,7a2343f7061f8776e30a5699ceed9f3bd3c1f60ad809fd10998d264f1522df90
pack,named_definition,False,30,candidate,93246750,108260000,64084000,93356032,bytes,True,true,0,,True,True,13016,7a2343f7061f8776e30a5699ceed9f3bd3c1f60ad809fd10998d264f1522df90
pack,named_definition,False,31,candidate,102027875,120008000,70906000,91389952,bytes,True,true,0,,True,True,13016,7a2343f7061f8776e30a5699ceed9f3bd3c1f60ad809fd10998d264f1522df90
pack,named_definition,False,31,baseline,155246209,177330000,69160000,91947008,bytes,True,true,0,,True,True,13016,7a2343f7061f8776e30a5699ceed9f3bd3c1f60ad809fd10998d264f1522df90
pack,named_definition,False,32,baseline,149350583,173476000,66207000,90816512,bytes,True,true,0,,True,True,13016,7a2343f7061f8776e30a5699ceed9f3bd3c1f60ad809fd10998d264f1522df90
pack,named_definition,False,32,candidate,94652542,112649000,64265000,91897856,bytes,True,true,0,,True,True,13016,7a2343f7061f8776e30a5699ceed9f3bd3c1f60ad809fd10998d264f1522df90
pack,named_definition,False,33,candidate,94230084,113495000,62774000,91717632,bytes,True,true,0,,True,True,13016,7a2343f7061f8776e30a5699ceed9f3bd3c1f60ad809fd10998d264f1522df90
pack,named_definition,False,33,baseline,151821333,175400000,69707000,91979776,bytes,True,true,0,,True,True,13016,7a2343f7061f8776e30a5699ceed9f3bd3c1f60ad809fd10998d264f1522df90
pack,named_definition,False,34,baseline,154497125,174771000,68448000,92815360,bytes,True,true,0,,True,True,13016,7a2343f7061f8776e30a5699ceed9f3bd3c1f60ad809fd10998d264f1522df90
pack,named_definition,False,34,candidate,97372250,109294000,67967000,93487104,bytes,True,true,0,,True,True,13016,7a2343f7061f8776e30a5699ceed9f3bd3c1f60ad809fd10998d264f1522df90
pack,named_definition,False,35,candidate,113740708,113710000,71257000,91914240,bytes,True,true,0,,True,True,13016,7a2343f7061f8776e30a5699ceed9f3bd3c1f60ad809fd10998d264f1522df90
pack,named_definition,False,35,baseline,181446958,179236000,69769000,90701824,bytes,True,true,0,,True,True,13016,7a2343f7061f8776e30a5699ceed9f3bd3c1f60ad809fd10998d264f1522df90
pack,named_definition,False,36,baseline,160650459,175762000,72186000,93208576,bytes,True,true,0,,True,True,13016,7a2343f7061f8776e30a5699ceed9f3bd3c1f60ad809fd10998d264f1522df90
pack,named_definition,False,36,candidate,102152834,111583000,70640000,93667328,bytes,True,true,0,,True,True,13016,7a2343f7061f8776e30a5699ceed9f3bd3c1f60ad809fd10998d264f1522df90
pack,named_definition,False,37,candidate,100529917,115240000,68876000,91619328,bytes,True,true,0,,True,True,13016,7a2343f7061f8776e30a5699ceed9f3bd3c1f60ad809fd10998d264f1522df90
pack,named_definition,False,37,baseline,153836250,175325000,68717000,91963392,bytes,True,true,0,,True,True,13016,7a2343f7061f8776e30a5699ceed9f3bd3c1f60ad809fd10998d264f1522df90
pack,named_definition,False,38,baseline,148776917,171086000,71085000,91308032,bytes,True,true,0,,True,True,13016,7a2343f7061f8776e30a5699ceed9f3bd3c1f60ad809fd10998d264f1522df90
pack,named_definition,False,38,candidate,93163334,110040000,64403000,92291072,bytes,True,true,0,,True,True,13016,7a2343f7061f8776e30a5699ceed9f3bd3c1f60ad809fd10998d264f1522df90
pack,named_definition,False,39,candidate,93103834,113544000,64356000,91619328,bytes,True,true,0,,True,True,13016,7a2343f7061f8776e30a5699ceed9f3bd3c1f60ad809fd10998d264f1522df90
pack,named_definition,False,39,baseline,171909667,180516000,77890000,92061696,bytes,True,true,0,,True,True,13016,7a2343f7061f8776e30a5699ceed9f3bd3c1f60ad809fd10998d264f1522df90
pack,named_definition,False,40,baseline,146930167,169323000,64847000,92078080,bytes,True,true,0,,True,True,13016,7a2343f7061f8776e30a5699ceed9f3bd3c1f60ad809fd10998d264f1522df90
pack,named_definition,False,40,candidate,92060833,107757000,63737000,93224960,bytes,True,true,0,,True,True,13016,7a2343f7061f8776e30a5699ceed9f3bd3c1f60ad809fd10998d264f1522df90
pack,named_definition,False,41,candidate,93028916,109535000,64621000,92667904,bytes,True,true,0,,True,True,13016,7a2343f7061f8776e30a5699ceed9f3bd3c1f60ad809fd10998d264f1522df90
pack,named_definition,False,41,baseline,148620958,171141000,66407000,91144192,bytes,True,true,0,,True,True,13016,7a2343f7061f8776e30a5699ceed9f3bd3c1f60ad809fd10998d264f1522df90
pack,named_definition,False,42,baseline,147631209,168516000,64663000,92422144,bytes,True,true,0,,True,True,13016,7a2343f7061f8776e30a5699ceed9f3bd3c1f60ad809fd10998d264f1522df90
pack,named_definition,False,42,candidate,94587958,112789000,64284000,92422144,bytes,True,true,0,,True,True,13016,7a2343f7061f8776e30a5699ceed9f3bd3c1f60ad809fd10998d264f1522df90
pack,named_definition,False,43,candidate,93919000,111109000,65846000,92291072,bytes,True,true,0,,True,True,13016,7a2343f7061f8776e30a5699ceed9f3bd3c1f60ad809fd10998d264f1522df90
pack,named_definition,False,43,baseline,148894292,171212000,67270000,92028928,bytes,True,true,0,,True,True,13016,7a2343f7061f8776e30a5699ceed9f3bd3c1f60ad809fd10998d264f1522df90
pack,named_definition,False,44,baseline,145291875,168647000,63772000,91619328,bytes,True,true,0,,True,True,13016,7a2343f7061f8776e30a5699ceed9f3bd3c1f60ad809fd10998d264f1522df90
pack,named_definition,False,44,candidate,90630750,109486000,64753000,92225536,bytes,True,true,0,,True,True,13016,7a2343f7061f8776e30a5699ceed9f3bd3c1f60ad809fd10998d264f1522df90
pack,named_definition,False,45,candidate,90180625,105310000,62528000,93552640,bytes,True,true,0,,True,True,13016,7a2343f7061f8776e30a5699ceed9f3bd3c1f60ad809fd10998d264f1522df90
pack,named_definition,False,45,baseline,149671500,173321000,63713000,92438528,bytes,True,true,0,,True,True,13016,7a2343f7061f8776e30a5699ceed9f3bd3c1f60ad809fd10998d264f1522df90
pack,named_definition,False,46,baseline,146698042,171799000,64912000,91783168,bytes,True,true,0,,True,True,13016,7a2343f7061f8776e30a5699ceed9f3bd3c1f60ad809fd10998d264f1522df90
pack,named_definition,False,46,candidate,96848834,111723000,69656000,92110848,bytes,True,true,0,,True,True,13016,7a2343f7061f8776e30a5699ceed9f3bd3c1f60ad809fd10998d264f1522df90
pack,named_definition,False,47,candidate,92761833,112216000,63268000,90652672,bytes,True,true,0,,True,True,13016,7a2343f7061f8776e30a5699ceed9f3bd3c1f60ad809fd10998d264f1522df90
pack,named_definition,False,47,baseline,154806958,178158000,69093000,92864512,bytes,True,true,0,,True,True,13016,7a2343f7061f8776e30a5699ceed9f3bd3c1f60ad809fd10998d264f1522df90
pack,named_definition,False,48,baseline,153534166,177250000,68966000,90406912,bytes,True,true,0,,True,True,13016,7a2343f7061f8776e30a5699ceed9f3bd3c1f60ad809fd10998d264f1522df90
pack,named_definition,False,48,candidate,94912583,113016000,64916000,91439104,bytes,True,true,0,,True,True,13016,7a2343f7061f8776e30a5699ceed9f3bd3c1f60ad809fd10998d264f1522df90
pack,named_definition,False,49,candidate,97662667,114455000,66903000,92143616,bytes,True,true,0,,True,True,13016,7a2343f7061f8776e30a5699ceed9f3bd3c1f60ad809fd10998d264f1522df90
pack,named_definition,False,49,baseline,152522666,172375000,68780000,92176384,bytes,True,true,0,,True,True,13016,7a2343f7061f8776e30a5699ceed9f3bd3c1f60ad809fd10998d264f1522df90
pack,named_definition,False,50,baseline,157704041,176696000,70604000,91734016,bytes,True,true,0,,True,True,13016,7a2343f7061f8776e30a5699ceed9f3bd3c1f60ad809fd10998d264f1522df90
pack,named_definition,False,50,candidate,95267459,108233000,64031000,93962240,bytes,True,true,0,,True,True,13016,7a2343f7061f8776e30a5699ceed9f3bd3c1f60ad809fd10998d264f1522df90
pack,named_definition,False,51,candidate,97114125,110498000,64998000,93700096,bytes,True,true,0,,True,True,13016,7a2343f7061f8776e30a5699ceed9f3bd3c1f60ad809fd10998d264f1522df90
pack,named_definition,False,51,baseline,149201000,172294000,65085000,91570176,bytes,True,true,0,,True,True,13016,7a2343f7061f8776e30a5699ceed9f3bd3c1f60ad809fd10998d264f1522df90
pack,named_definition,False,52,baseline,149385709,171421000,64786000,91865088,bytes,True,true,0,,True,True,13016,7a2343f7061f8776e30a5699ceed9f3bd3c1f60ad809fd10998d264f1522df90
pack,named_definition,False,52,candidate,96605500,115410000,65851000,93011968,bytes,True,true,0,,True,True,13016,7a2343f7061f8776e30a5699ceed9f3bd3c1f60ad809fd10998d264f1522df90
pack,named_definition,False,53,candidate,93493000,111259000,65942000,91848704,bytes,True,true,0,,True,True,13016,7a2343f7061f8776e30a5699ceed9f3bd3c1f60ad809fd10998d264f1522df90
pack,named_definition,False,53,baseline,148537458,170895000,65301000,91799552,bytes,True,true,0,,True,True,13016,7a2343f7061f8776e30a5699ceed9f3bd3c1f60ad809fd10998d264f1522df90
pack,named_definition,False,54,baseline,159453875,179789000,69719000,91947008,bytes,True,true,0,,True,True,13016,7a2343f7061f8776e30a5699ceed9f3bd3c1f60ad809fd10998d264f1522df90
pack,named_definition,False,54,candidate,105145375,112805000,69627000,91947008,bytes,True,true,0,,True,True,13016,7a2343f7061f8776e30a5699ceed9f3bd3c1f60ad809fd10998d264f1522df90
pack,named_definition,False,55,candidate,93032459,113109000,64181000,91045888,bytes,True,true,0,,True,True,13016,7a2343f7061f8776e30a5699ceed9f3bd3c1f60ad809fd10998d264f1522df90
pack,named_definition,False,55,baseline,151326041,171319000,67950000,91947008,bytes,True,true,0,,True,True,13016,7a2343f7061f8776e30a5699ceed9f3bd3c1f60ad809fd10998d264f1522df90
pack,named_definition,False,56,baseline,144908000,168485000,62710000,92405760,bytes,True,true,0,,True,True,13016,7a2343f7061f8776e30a5699ceed9f3bd3c1f60ad809fd10998d264f1522df90
pack,named_definition,False,56,candidate,105189917,117496000,67193000,91176960,bytes,True,true,0,,True,True,13016,7a2343f7061f8776e30a5699ceed9f3bd3c1f60ad809fd10998d264f1522df90
pack,named_definition,False,57,candidate,92943250,111599000,63537000,91930624,bytes,True,true,0,,True,True,13016,7a2343f7061f8776e30a5699ceed9f3bd3c1f60ad809fd10998d264f1522df90
pack,named_definition,False,57,baseline,147531291,169798000,64766000,93241344,bytes,True,true,0,,True,True,13016,7a2343f7061f8776e30a5699ceed9f3bd3c1f60ad809fd10998d264f1522df90
pack,named_definition,False,58,baseline,151276916,174025000,69728000,91455488,bytes,True,true,0,,True,True,13016,7a2343f7061f8776e30a5699ceed9f3bd3c1f60ad809fd10998d264f1522df90
pack,named_definition,False,58,candidate,94320125,110239000,66947000,93241344,bytes,True,true,0,,True,True,13016,7a2343f7061f8776e30a5699ceed9f3bd3c1f60ad809fd10998d264f1522df90
pack,named_definition,False,59,candidate,96036083,112772000,67039000,92798976,bytes,True,true,0,,True,True,13016,7a2343f7061f8776e30a5699ceed9f3bd3c1f60ad809fd10998d264f1522df90
pack,named_definition,False,59,baseline,154649334,171331000,69502000,92798976,bytes,True,true,0,,True,True,13016,7a2343f7061f8776e30a5699ceed9f3bd3c1f60ad809fd10998d264f1522df90
pack,named_definition,False,60,baseline,145148833,169800000,65754000,92864512,bytes,True,true,0,,True,True,13016,7a2343f7061f8776e30a5699ceed9f3bd3c1f60ad809fd10998d264f1522df90
pack,named_definition,False,60,candidate,92723958,112086000,63644000,91848704,bytes,True,true,0,,True,True,13016,7a2343f7061f8776e30a5699ceed9f3bd3c1f60ad809fd10998d264f1522df90
pack,named_definition,False,61,candidate,91751917,112013000,64445000,91832320,bytes,True,true,0,,True,True,13016,7a2343f7061f8776e30a5699ceed9f3bd3c1f60ad809fd10998d264f1522df90
pack,named_definition,False,61,baseline,148282209,170567000,65975000,91668480,bytes,True,true,0,,True,True,13016,7a2343f7061f8776e30a5699ceed9f3bd3c1f60ad809fd10998d264f1522df90
pack,named_definition,False,62,baseline,153205292,174653000,69566000,92078080,bytes,True,true,0,,True,True,13016,7a2343f7061f8776e30a5699ceed9f3bd3c1f60ad809fd10998d264f1522df90
pack,named_definition,False,62,candidate,99150083,114517000,68310000,92127232,bytes,True,true,0,,True,True,13016,7a2343f7061f8776e30a5699ceed9f3bd3c1f60ad809fd10998d264f1522df90
pack,named_definition,False,63,candidate,97073875,111543000,64862000,92946432,bytes,True,true,0,,True,True,13016,7a2343f7061f8776e30a5699ceed9f3bd3c1f60ad809fd10998d264f1522df90
pack,named_definition,False,63,baseline,160388333,179253000,70491000,91373568,bytes,True,true,0,,True,True,13016,7a2343f7061f8776e30a5699ceed9f3bd3c1f60ad809fd10998d264f1522df90
pack,named_definition,False,64,baseline,165891041,180855000,79669000,92454912,bytes,True,true,0,,True,True,13016,7a2343f7061f8776e30a5699ceed9f3bd3c1f60ad809fd10998d264f1522df90
pack,named_definition,False,64,candidate,90201042,111772000,61413000,92258304,bytes,True,true,0,,True,True,13016,7a2343f7061f8776e30a5699ceed9f3bd3c1f60ad809fd10998d264f1522df90
pack,named_definition,False,65,candidate,98801042,115968000,67090000,91537408,bytes,True,true,0,,True,True,13016,7a2343f7061f8776e30a5699ceed9f3bd3c1f60ad809fd10998d264f1522df90
pack,named_definition,False,65,baseline,165716000,175829000,74043000,91652096,bytes,True,true,0,,True,True,13016,7a2343f7061f8776e30a5699ceed9f3bd3c1f60ad809fd10998d264f1522df90
pack,named_definition,False,66,baseline,150727250,172047000,64427000,93241344,bytes,True,true,0,,True,True,13016,7a2343f7061f8776e30a5699ceed9f3bd3c1f60ad809fd10998d264f1522df90
pack,named_definition,False,66,candidate,95611750,112988000,68505000,92094464,bytes,True,true,0,,True,True,13016,7a2343f7061f8776e30a5699ceed9f3bd3c1f60ad809fd10998d264f1522df90
pack,named_definition,False,67,candidate,93537625,112324000,67850000,92225536,bytes,True,true,0,,True,True,13016,7a2343f7061f8776e30a5699ceed9f3bd3c1f60ad809fd10998d264f1522df90
pack,named_definition,False,67,baseline,152236917,171648000,70533000,91635712,bytes,True,true,0,,True,True,13016,7a2343f7061f8776e30a5699ceed9f3bd3c1f60ad809fd10998d264f1522df90
pack,named_definition,False,68,baseline,157025875,170450000,71900000,91832320,bytes,True,true,0,,True,True,13016,7a2343f7061f8776e30a5699ceed9f3bd3c1f60ad809fd10998d264f1522df90
pack,named_definition,False,68,candidate,97621125,114202000,67783000,92307456,bytes,True,true,0,,True,True,13016,7a2343f7061f8776e30a5699ceed9f3bd3c1f60ad809fd10998d264f1522df90
pack,named_definition,False,69,candidate,105037167,112765000,69539000,92700672,bytes,True,true,0,,True,True,13016,7a2343f7061f8776e30a5699ceed9f3bd3c1f60ad809fd10998d264f1522df90
pack,named_definition,False,69,baseline,155283042,173436000,70204000,93388800,bytes,True,true,0,,True,True,13016,7a2343f7061f8776e30a5699ceed9f3bd3c1f60ad809fd10998d264f1522df90
pack,named_definition,False,70,baseline,148709750,173323000,63996000,92618752,bytes,True,true,0,,True,True,13016,7a2343f7061f8776e30a5699ceed9f3bd3c1f60ad809fd10998d264f1522df90
pack,named_definition,False,70,candidate,96689958,112226000,67919000,90161152,bytes,True,true,0,,True,True,13016,7a2343f7061f8776e30a5699ceed9f3bd3c1f60ad809fd10998d264f1522df90
pack,named_definition,False,71,candidate,94965167,114771000,64584000,91062272,bytes,True,true,0,,True,True,13016,7a2343f7061f8776e30a5699ceed9f3bd3c1f60ad809fd10998d264f1522df90
pack,named_definition,False,71,baseline,148490209,172297000,67263000,90669056,bytes,True,true,0,,True,True,13016,7a2343f7061f8776e30a5699ceed9f3bd3c1f60ad809fd10998d264f1522df90
pack,named_definition,False,72,baseline,147799667,174359000,67019000,91078656,bytes,True,true,0,,True,True,13016,7a2343f7061f8776e30a5699ceed9f3bd3c1f60ad809fd10998d264f1522df90
pack,named_definition,False,72,candidate,91987125,112506000,65086000,91734016,bytes,True,true,0,,True,True,13016,7a2343f7061f8776e30a5699ceed9f3bd3c1f60ad809fd10998d264f1522df90
pack,named_definition,False,73,candidate,95368416,112561000,64743000,91602944,bytes,True,true,0,,True,True,13016,7a2343f7061f8776e30a5699ceed9f3bd3c1f60ad809fd10998d264f1522df90
pack,named_definition,False,73,baseline,147333000,172370000,64414000,91930624,bytes,True,true,0,,True,True,13016,7a2343f7061f8776e30a5699ceed9f3bd3c1f60ad809fd10998d264f1522df90
pack,named_definition,False,74,baseline,150285209,173827000,68586000,90636288,bytes,True,true,0,,True,True,13016,7a2343f7061f8776e30a5699ceed9f3bd3c1f60ad809fd10998d264f1522df90
pack,named_definition,False,74,candidate,93209875,105160000,62793000,93569024,bytes,True,true,0,,True,True,13016,7a2343f7061f8776e30a5699ceed9f3bd3c1f60ad809fd10998d264f1522df90
pack,named_definition,False,75,candidate,92292333,111966000,64219000,91062272,bytes,True,true,0,,True,True,13016,7a2343f7061f8776e30a5699ceed9f3bd3c1f60ad809fd10998d264f1522df90
pack,named_definition,False,75,baseline,147701917,169818000,65131000,92012544,bytes,True,true,0,,True,True,13016,7a2343f7061f8776e30a5699ceed9f3bd3c1f60ad809fd10998d264f1522df90
pack,named_definition,False,76,baseline,156916375,172390000,68163000,92258304,bytes,True,true,0,,True,True,13016,7a2343f7061f8776e30a5699ceed9f3bd3c1f60ad809fd10998d264f1522df90
pack,named_definition,False,76,candidate,95591000,112023000,64423000,90767360,bytes,True,true,0,,True,True,13016,7a2343f7061f8776e30a5699ceed9f3bd3c1f60ad809fd10998d264f1522df90
pack,named_definition,False,77,candidate,89536417,110693000,61848000,92127232,bytes,True,true,0,,True,True,13016,7a2343f7061f8776e30a5699ceed9f3bd3c1f60ad809fd10998d264f1522df90
pack,named_definition,False,77,baseline,148717750,169213000,66601000,91357184,bytes,True,true,0,,True,True,13016,7a2343f7061f8776e30a5699ceed9f3bd3c1f60ad809fd10998d264f1522df90
pack,named_definition,False,78,baseline,151448958,174208000,66563000,93765632,bytes,True,true,0,,True,True,13016,7a2343f7061f8776e30a5699ceed9f3bd3c1f60ad809fd10998d264f1522df90
pack,named_definition,False,78,candidate,93031458,109384000,60057000,92946432,bytes,True,true,0,,True,True,13016,7a2343f7061f8776e30a5699ceed9f3bd3c1f60ad809fd10998d264f1522df90
pack,named_definition,False,79,candidate,95930667,115896000,63711000,90816512,bytes,True,true,0,,True,True,13016,7a2343f7061f8776e30a5699ceed9f3bd3c1f60ad809fd10998d264f1522df90
pack,named_definition,False,79,baseline,150796334,176414000,65561000,91815936,bytes,True,true,0,,True,True,13016,7a2343f7061f8776e30a5699ceed9f3bd3c1f60ad809fd10998d264f1522df90
pack,named_definition,False,80,baseline,154812833,178815000,69065000,92143616,bytes,True,true,0,,True,True,13016,7a2343f7061f8776e30a5699ceed9f3bd3c1f60ad809fd10998d264f1522df90
pack,named_definition,False,80,candidate,94471375,112622000,68237000,92045312,bytes,True,true,0,,True,True,13016,7a2343f7061f8776e30a5699ceed9f3bd3c1f60ad809fd10998d264f1522df90
pack,named_definition,False,81,candidate,90830084,112293000,60816000,91488256,bytes,True,true,0,,True,True,13016,7a2343f7061f8776e30a5699ceed9f3bd3c1f60ad809fd10998d264f1522df90
pack,named_definition,False,81,baseline,150388875,172595000,66115000,92962816,bytes,True,true,0,,True,True,13016,7a2343f7061f8776e30a5699ceed9f3bd3c1f60ad809fd10998d264f1522df90
pack,named_definition,False,82,baseline,151138958,172870000,68520000,92602368,bytes,True,true,0,,True,True,13016,7a2343f7061f8776e30a5699ceed9f3bd3c1f60ad809fd10998d264f1522df90
pack,named_definition,False,82,candidate,97410417,114664000,66774000,92717056,bytes,True,true,0,,True,True,13016,7a2343f7061f8776e30a5699ceed9f3bd3c1f60ad809fd10998d264f1522df90
pack,named_definition,False,83,candidate,92588625,112626000,64735000,90669056,bytes,True,true,0,,True,True,13016,7a2343f7061f8776e30a5699ceed9f3bd3c1f60ad809fd10998d264f1522df90
pack,named_definition,False,83,baseline,151913083,171820000,65586000,92782592,bytes,True,true,0,,True,True,13016,7a2343f7061f8776e30a5699ceed9f3bd3c1f60ad809fd10998d264f1522df90
pack,named_definition,False,84,baseline,150899667,172399000,68039000,91471872,bytes,True,true,0,,True,True,13016,7a2343f7061f8776e30a5699ceed9f3bd3c1f60ad809fd10998d264f1522df90
pack,named_definition,False,84,candidate,93560459,113115000,64150000,91422720,bytes,True,true,0,,True,True,13016,7a2343f7061f8776e30a5699ceed9f3bd3c1f60ad809fd10998d264f1522df90
pack,named_definition,False,85,candidate,95521792,111611000,64533000,92209152,bytes,True,true,0,,True,True,13016,7a2343f7061f8776e30a5699ceed9f3bd3c1f60ad809fd10998d264f1522df90
pack,named_definition,False,85,baseline,150032709,173539000,67514000,92815360,bytes,True,true,0,,True,True,13016,7a2343f7061f8776e30a5699ceed9f3bd3c1f60ad809fd10998d264f1522df90
pack,named_definition,False,86,baseline,150276166,171765000,66500000,92635136,bytes,True,true,0,,True,True,13016,7a2343f7061f8776e30a5699ceed9f3bd3c1f60ad809fd10998d264f1522df90
pack,named_definition,False,86,candidate,94087959,113614000,65262000,91504640,bytes,True,true,0,,True,True,13016,7a2343f7061f8776e30a5699ceed9f3bd3c1f60ad809fd10998d264f1522df90
pack,named_definition,False,87,candidate,93022250,111913000,64782000,91521024,bytes,True,true,0,,True,True,13016,7a2343f7061f8776e30a5699ceed9f3bd3c1f60ad809fd10998d264f1522df90
pack,named_definition,False,87,baseline,147080833,170740000,62368000,91324416,bytes,True,true,0,,True,True,13016,7a2343f7061f8776e30a5699ceed9f3bd3c1f60ad809fd10998d264f1522df90
pack,named_definition,False,88,baseline,145351458,171579000,67184000,91226112,bytes,True,true,0,,True,True,13016,7a2343f7061f8776e30a5699ceed9f3bd3c1f60ad809fd10998d264f1522df90
pack,named_definition,False,88,candidate,93779291,113311000,65382000,92307456,bytes,True,true,0,,True,True,13016,7a2343f7061f8776e30a5699ceed9f3bd3c1f60ad809fd10998d264f1522df90
pack,named_definition,False,89,candidate,96744708,111086000,64384000,91996160,bytes,True,true,0,,True,True,13016,7a2343f7061f8776e30a5699ceed9f3bd3c1f60ad809fd10998d264f1522df90
pack,named_definition,False,89,baseline,179608583,184452000,78088000,91029504,bytes,True,true,0,,True,True,13016,7a2343f7061f8776e30a5699ceed9f3bd3c1f60ad809fd10998d264f1522df90
pack,named_definition,False,90,baseline,157478292,173732000,69593000,92520448,bytes,True,true,0,,True,True,13016,7a2343f7061f8776e30a5699ceed9f3bd3c1f60ad809fd10998d264f1522df90
pack,named_definition,False,90,candidate,96778833,116583000,65401000,92766208,bytes,True,true,0,,True,True,13016,7a2343f7061f8776e30a5699ceed9f3bd3c1f60ad809fd10998d264f1522df90
pack,named_definition,False,91,candidate,93625041,111962000,62876000,92504064,bytes,True,true,0,,True,True,13016,7a2343f7061f8776e30a5699ceed9f3bd3c1f60ad809fd10998d264f1522df90
pack,named_definition,False,91,baseline,151514667,171729000,69239000,92225536,bytes,True,true,0,,True,True,13016,7a2343f7061f8776e30a5699ceed9f3bd3c1f60ad809fd10998d264f1522df90
pack,named_definition,False,92,baseline,146680458,170573000,66184000,92618752,bytes,True,true,0,,True,True,13016,7a2343f7061f8776e30a5699ceed9f3bd3c1f60ad809fd10998d264f1522df90
pack,named_definition,False,92,candidate,91843792,110767000,63222000,92356608,bytes,True,true,0,,True,True,13016,7a2343f7061f8776e30a5699ceed9f3bd3c1f60ad809fd10998d264f1522df90
pack,named_definition,False,93,candidate,93866750,110470000,63566000,91242496,bytes,True,true,0,,True,True,13016,7a2343f7061f8776e30a5699ceed9f3bd3c1f60ad809fd10998d264f1522df90
pack,named_definition,False,93,baseline,148358333,170802000,65650000,92815360,bytes,True,true,0,,True,True,13016,7a2343f7061f8776e30a5699ceed9f3bd3c1f60ad809fd10998d264f1522df90
pack,named_definition,False,94,baseline,146261709,166776000,65113000,92094464,bytes,True,true,0,,True,True,13016,7a2343f7061f8776e30a5699ceed9f3bd3c1f60ad809fd10998d264f1522df90
pack,named_definition,False,94,candidate,92697958,110710000,64349000,92061696,bytes,True,true,0,,True,True,13016,7a2343f7061f8776e30a5699ceed9f3bd3c1f60ad809fd10998d264f1522df90
pack,named_definition,False,95,candidate,91755041,106342000,63749000,93077504,bytes,True,true,0,,True,True,13016,7a2343f7061f8776e30a5699ceed9f3bd3c1f60ad809fd10998d264f1522df90
pack,named_definition,False,95,baseline,153440084,175385000,64406000,92766208,bytes,True,true,0,,True,True,13016,7a2343f7061f8776e30a5699ceed9f3bd3c1f60ad809fd10998d264f1522df90
pack,named_definition,False,96,baseline,150975667,173042000,68259000,92176384,bytes,True,true,0,,True,True,13016,7a2343f7061f8776e30a5699ceed9f3bd3c1f60ad809fd10998d264f1522df90
pack,named_definition,False,96,candidate,95012791,115670000,65967000,92323840,bytes,True,true,0,,True,True,13016,7a2343f7061f8776e30a5699ceed9f3bd3c1f60ad809fd10998d264f1522df90
pack,named_definition,False,97,candidate,95294792,111361000,68711000,92143616,bytes,True,true,0,,True,True,13016,7a2343f7061f8776e30a5699ceed9f3bd3c1f60ad809fd10998d264f1522df90
pack,named_definition,False,97,baseline,154493667,175004000,70620000,91930624,bytes,True,true,0,,True,True,13016,7a2343f7061f8776e30a5699ceed9f3bd3c1f60ad809fd10998d264f1522df90
pack,named_definition,False,98,baseline,154186333,171143000,70672000,92143616,bytes,True,true,0,,True,True,13016,7a2343f7061f8776e30a5699ceed9f3bd3c1f60ad809fd10998d264f1522df90
pack,named_definition,False,98,candidate,91324084,111025000,63279000,92291072,bytes,True,true,0,,True,True,13016,7a2343f7061f8776e30a5699ceed9f3bd3c1f60ad809fd10998d264f1522df90
pack,named_definition,False,99,candidate,92423834,113777000,62121000,91275264,bytes,True,true,0,,True,True,13016,7a2343f7061f8776e30a5699ceed9f3bd3c1f60ad809fd10998d264f1522df90
pack,named_definition,False,99,baseline,146396666,169635000,64914000,92176384,bytes,True,true,0,,True,True,13016,7a2343f7061f8776e30a5699ceed9f3bd3c1f60ad809fd10998d264f1522df90
pack,subject_lookup,True,0,baseline,70677667,81586000,59806000,82837504,bytes,True,true,0,,True,True,12725,0f849c2f52290a70394ea6eee44887a8e89a827325f993b8d59cda3697249168
pack,subject_lookup,True,0,candidate,71237542,77392000,61896000,79790080,bytes,True,true,0,,True,True,12725,0f849c2f52290a70394ea6eee44887a8e89a827325f993b8d59cda3697249168
pack,subject_lookup,True,1,candidate,70004208,75685000,58630000,79200256,bytes,True,true,0,,True,True,12725,0f849c2f52290a70394ea6eee44887a8e89a827325f993b8d59cda3697249168
pack,subject_lookup,True,1,baseline,71959917,82339000,60485000,83296256,bytes,True,true,0,,True,True,12725,0f849c2f52290a70394ea6eee44887a8e89a827325f993b8d59cda3697249168
pack,subject_lookup,True,2,baseline,71356542,82256000,60672000,83410944,bytes,True,true,0,,True,True,12725,0f849c2f52290a70394ea6eee44887a8e89a827325f993b8d59cda3697249168
pack,subject_lookup,True,2,candidate,66163750,75850000,58544000,79806464,bytes,True,true,0,,True,True,12725,0f849c2f52290a70394ea6eee44887a8e89a827325f993b8d59cda3697249168
pack,subject_lookup,False,0,baseline,72377791,83164000,61047000,83214336,bytes,True,true,0,,True,True,12725,0f849c2f52290a70394ea6eee44887a8e89a827325f993b8d59cda3697249168
pack,subject_lookup,False,0,candidate,68322584,76256000,59814000,79904768,bytes,True,true,0,,True,True,12725,0f849c2f52290a70394ea6eee44887a8e89a827325f993b8d59cda3697249168
pack,subject_lookup,False,1,candidate,71762041,77343000,63057000,79429632,bytes,True,true,0,,True,True,12725,0f849c2f52290a70394ea6eee44887a8e89a827325f993b8d59cda3697249168
pack,subject_lookup,False,1,baseline,74448500,87003000,63524000,83443712,bytes,True,true,0,,True,True,12725,0f849c2f52290a70394ea6eee44887a8e89a827325f993b8d59cda3697249168
pack,subject_lookup,False,2,baseline,73422584,82340000,61626000,83361792,bytes,True,true,0,,True,True,12725,0f849c2f52290a70394ea6eee44887a8e89a827325f993b8d59cda3697249168
pack,subject_lookup,False,2,candidate,68177375,76259000,58920000,79872000,bytes,True,true,0,,True,True,12725,0f849c2f52290a70394ea6eee44887a8e89a827325f993b8d59cda3697249168
pack,subject_lookup,False,3,candidate,77518834,79370000,67018000,79937536,bytes,True,true,0,,True,True,12725,0f849c2f52290a70394ea6eee44887a8e89a827325f993b8d59cda3697249168
pack,subject_lookup,False,3,baseline,76577875,84133000,65284000,83001344,bytes,True,true,0,,True,True,12725,0f849c2f52290a70394ea6eee44887a8e89a827325f993b8d59cda3697249168
pack,subject_lookup,False,4,baseline,74301833,83204000,65179000,83001344,bytes,True,true,0,,True,True,12725,0f849c2f52290a70394ea6eee44887a8e89a827325f993b8d59cda3697249168
pack,subject_lookup,False,4,candidate,70145292,77607000,61471000,79937536,bytes,True,true,0,,True,True,12725,0f849c2f52290a70394ea6eee44887a8e89a827325f993b8d59cda3697249168
pack,subject_lookup,False,5,candidate,69727917,77569000,62853000,79937536,bytes,True,true,0,,True,True,12725,0f849c2f52290a70394ea6eee44887a8e89a827325f993b8d59cda3697249168
pack,subject_lookup,False,5,baseline,71554291,80594000,59866000,83427328,bytes,True,true,0,,True,True,12725,0f849c2f52290a70394ea6eee44887a8e89a827325f993b8d59cda3697249168
pack,subject_lookup,False,6,baseline,73137292,82734000,60742000,83296256,bytes,True,true,0,,True,True,12725,0f849c2f52290a70394ea6eee44887a8e89a827325f993b8d59cda3697249168
pack,subject_lookup,False,6,candidate,67241292,76233000,59528000,79740928,bytes,True,true,0,,True,True,12725,0f849c2f52290a70394ea6eee44887a8e89a827325f993b8d59cda3697249168
pack,subject_lookup,False,7,candidate,69351917,77607000,61392000,80052224,bytes,True,true,0,,True,True,12725,0f849c2f52290a70394ea6eee44887a8e89a827325f993b8d59cda3697249168
pack,subject_lookup,False,7,baseline,73740458,82593000,62327000,83181568,bytes,True,true,0,,True,True,12725,0f849c2f52290a70394ea6eee44887a8e89a827325f993b8d59cda3697249168
pack,subject_lookup,False,8,baseline,72164958,83256000,61227000,82968576,bytes,True,true,0,,True,True,12725,0f849c2f52290a70394ea6eee44887a8e89a827325f993b8d59cda3697249168
pack,subject_lookup,False,8,candidate,70742208,76628000,62719000,79478784,bytes,True,true,0,,True,True,12725,0f849c2f52290a70394ea6eee44887a8e89a827325f993b8d59cda3697249168
pack,subject_lookup,False,9,candidate,71229709,77726000,62009000,79708160,bytes,True,true,0,,True,True,12725,0f849c2f52290a70394ea6eee44887a8e89a827325f993b8d59cda3697249168
pack,subject_lookup,False,9,baseline,71080625,81970000,59046000,83197952,bytes,True,true,0,,True,True,12725,0f849c2f52290a70394ea6eee44887a8e89a827325f993b8d59cda3697249168
pack,subject_lookup,False,10,baseline,69775500,81005000,57912000,83132416,bytes,True,true,0,,True,True,12725,0f849c2f52290a70394ea6eee44887a8e89a827325f993b8d59cda3697249168
pack,subject_lookup,False,10,candidate,70030833,77121000,62101000,79413248,bytes,True,true,0,,True,True,12725,0f849c2f52290a70394ea6eee44887a8e89a827325f993b8d59cda3697249168
pack,subject_lookup,False,11,candidate,68918333,76802000,60794000,79904768,bytes,True,true,0,,True,True,12725,0f849c2f52290a70394ea6eee44887a8e89a827325f993b8d59cda3697249168
pack,subject_lookup,False,11,baseline,74261875,82635000,62875000,82608128,bytes,True,true,0,,True,True,12725,0f849c2f52290a70394ea6eee44887a8e89a827325f993b8d59cda3697249168
pack,subject_lookup,False,12,baseline,75621167,83679000,62442000,83230720,bytes,True,true,0,,True,True,12725,0f849c2f52290a70394ea6eee44887a8e89a827325f993b8d59cda3697249168
pack,subject_lookup,False,12,candidate,68066542,76790000,60775000,79839232,bytes,True,true,0,,True,True,12725,0f849c2f52290a70394ea6eee44887a8e89a827325f993b8d59cda3697249168
pack,subject_lookup,False,13,candidate,69127917,76552000,60443000,79609856,bytes,True,true,0,,True,True,12725,0f849c2f52290a70394ea6eee44887a8e89a827325f993b8d59cda3697249168
pack,subject_lookup,False,13,baseline,71331375,82652000,62153000,83034112,bytes,True,true,0,,True,True,12725,0f849c2f52290a70394ea6eee44887a8e89a827325f993b8d59cda3697249168
pack,subject_lookup,False,14,baseline,74940417,84561000,63708000,83263488,bytes,True,true,0,,True,True,12725,0f849c2f52290a70394ea6eee44887a8e89a827325f993b8d59cda3697249168
pack,subject_lookup,False,14,candidate,68423792,77117000,60003000,79626240,bytes,True,true,0,,True,True,12725,0f849c2f52290a70394ea6eee44887a8e89a827325f993b8d59cda3697249168
pack,subject_lookup,False,15,candidate,70860041,77106000,58580000,79642624,bytes,True,true,0,,True,True,12725,0f849c2f52290a70394ea6eee44887a8e89a827325f993b8d59cda3697249168
pack,subject_lookup,False,15,baseline,71806459,83028000,61324000,83066880,bytes,True,true,0,,True,True,12725,0f849c2f52290a70394ea6eee44887a8e89a827325f993b8d59cda3697249168
pack,subject_lookup,False,16,baseline,73052875,82093000,61114000,83361792,bytes,True,true,0,,True,True,12725,0f849c2f52290a70394ea6eee44887a8e89a827325f993b8d59cda3697249168
pack,subject_lookup,False,16,candidate,71601833,79119000,61821000,79822848,bytes,True,true,0,,True,True,12725,0f849c2f52290a70394ea6eee44887a8e89a827325f993b8d59cda3697249168
pack,subject_lookup,False,17,candidate,72567917,79519000,64314000,79757312,bytes,True,true,0,,True,True,12725,0f849c2f52290a70394ea6eee44887a8e89a827325f993b8d59cda3697249168
pack,subject_lookup,False,17,baseline,73328750,83741000,63658000,83099648,bytes,True,true,0,,True,True,12725,0f849c2f52290a70394ea6eee44887a8e89a827325f993b8d59cda3697249168
pack,subject_lookup,False,18,baseline,75773083,84197000,66314000,83591168,bytes,True,true,0,,True,True,12725,0f849c2f52290a70394ea6eee44887a8e89a827325f993b8d59cda3697249168
pack,subject_lookup,False,18,candidate,71356833,76527000,62805000,79478784,bytes,True,true,0,,True,True,12725,0f849c2f52290a70394ea6eee44887a8e89a827325f993b8d59cda3697249168
pack,subject_lookup,False,19,candidate,67238583,77316000,58105000,79806464,bytes,True,true,0,,True,True,12725,0f849c2f52290a70394ea6eee44887a8e89a827325f993b8d59cda3697249168
pack,subject_lookup,False,19,baseline,74730125,83400000,62686000,82903040,bytes,True,true,0,,True,True,12725,0f849c2f52290a70394ea6eee44887a8e89a827325f993b8d59cda3697249168
pack,subject_lookup,False,20,baseline,71324000,81459000,60698000,83181568,bytes,True,true,0,,True,True,12725,0f849c2f52290a70394ea6eee44887a8e89a827325f993b8d59cda3697249168
pack,subject_lookup,False,20,candidate,69799625,76542000,62145000,79691776,bytes,True,true,0,,True,True,12725,0f849c2f52290a70394ea6eee44887a8e89a827325f993b8d59cda3697249168
pack,subject_lookup,False,21,candidate,65842458,74605000,56160000,79200256,bytes,True,true,0,,True,True,12725,0f849c2f52290a70394ea6eee44887a8e89a827325f993b8d59cda3697249168
pack,subject_lookup,False,21,baseline,77194375,83655000,66582000,83099648,bytes,True,true,0,,True,True,12725,0f849c2f52290a70394ea6eee44887a8e89a827325f993b8d59cda3697249168
pack,subject_lookup,False,22,baseline,77150833,84046000,65006000,83050496,bytes,True,true,0,,True,True,12725,0f849c2f52290a70394ea6eee44887a8e89a827325f993b8d59cda3697249168
pack,subject_lookup,False,22,candidate,77908500,79836000,66229000,79577088,bytes,True,true,0,,True,True,12725,0f849c2f52290a70394ea6eee44887a8e89a827325f993b8d59cda3697249168
pack,subject_lookup,False,23,candidate,71696250,79010000,62903000,79626240,bytes,True,true,0,,True,True,12725,0f849c2f52290a70394ea6eee44887a8e89a827325f993b8d59cda3697249168
pack,subject_lookup,False,23,baseline,75544584,84765000,65087000,83099648,bytes,True,true,0,,True,True,12725,0f849c2f52290a70394ea6eee44887a8e89a827325f993b8d59cda3697249168
pack,subject_lookup,False,24,baseline,74851416,83565000,64341000,82722816,bytes,True,true,0,,True,True,12725,0f849c2f52290a70394ea6eee44887a8e89a827325f993b8d59cda3697249168
pack,subject_lookup,False,24,candidate,75938625,80207000,66262000,80035840,bytes,True,true,0,,True,True,12725,0f849c2f52290a70394ea6eee44887a8e89a827325f993b8d59cda3697249168
pack,subject_lookup,False,25,candidate,73560250,79721000,64731000,79740928,bytes,True,true,0,,True,True,12725,0f849c2f52290a70394ea6eee44887a8e89a827325f993b8d59cda3697249168
pack,subject_lookup,False,25,baseline,74559958,84201000,63146000,83001344,bytes,True,true,0,,True,True,12725,0f849c2f52290a70394ea6eee44887a8e89a827325f993b8d59cda3697249168
pack,subject_lookup,False,26,baseline,76404041,84601000,63011000,83132416,bytes,True,true,0,,True,True,12725,0f849c2f52290a70394ea6eee44887a8e89a827325f993b8d59cda3697249168
pack,subject_lookup,False,26,candidate,84413958,79245000,64380000,79446016,bytes,True,true,0,,True,True,12725,0f849c2f52290a70394ea6eee44887a8e89a827325f993b8d59cda3697249168
pack,subject_lookup,False,27,candidate,76675667,80764000,68887000,79233024,bytes,True,true,0,,True,True,12725,0f849c2f52290a70394ea6eee44887a8e89a827325f993b8d59cda3697249168
pack,subject_lookup,False,27,baseline,73370375,84196000,61868000,83066880,bytes,True,true,0,,True,True,12725,0f849c2f52290a70394ea6eee44887a8e89a827325f993b8d59cda3697249168
pack,subject_lookup,False,28,baseline,75107500,84300000,65157000,83230720,bytes,True,true,0,,True,True,12725,0f849c2f52290a70394ea6eee44887a8e89a827325f993b8d59cda3697249168
pack,subject_lookup,False,28,candidate,70172417,77367000,63054000,79691776,bytes,True,true,0,,True,True,12725,0f849c2f52290a70394ea6eee44887a8e89a827325f993b8d59cda3697249168
pack,subject_lookup,False,29,candidate,77033208,80411000,70257000,79757312,bytes,True,true,0,,True,True,12725,0f849c2f52290a70394ea6eee44887a8e89a827325f993b8d59cda3697249168
pack,subject_lookup,False,29,baseline,77152083,83833000,66967000,83132416,bytes,True,true,0,,True,True,12725,0f849c2f52290a70394ea6eee44887a8e89a827325f993b8d59cda3697249168
pack,subject_lookup,False,30,baseline,76521584,82446000,63981000,82935808,bytes,True,true,0,,True,True,12725,0f849c2f52290a70394ea6eee44887a8e89a827325f993b8d59cda3697249168
pack,subject_lookup,False,30,candidate,67831792,75519000,58962000,79200256,bytes,True,true,0,,True,True,12725,0f849c2f52290a70394ea6eee44887a8e89a827325f993b8d59cda3697249168
pack,subject_lookup,False,31,candidate,68698875,76071000,61091000,79429632,bytes,True,true,0,,True,True,12725,0f849c2f52290a70394ea6eee44887a8e89a827325f993b8d59cda3697249168
pack,subject_lookup,False,31,baseline,70765542,79588000,59147000,82493440,bytes,True,true,0,,True,True,12725,0f849c2f52290a70394ea6eee44887a8e89a827325f993b8d59cda3697249168
pack,subject_lookup,False,32,baseline,76903209,85719000,62994000,82952192,bytes,True,true,0,,True,True,12725,0f849c2f52290a70394ea6eee44887a8e89a827325f993b8d59cda3697249168
pack,subject_lookup,False,32,candidate,69462375,78081000,61773000,79659008,bytes,True,true,0,,True,True,12725,0f849c2f52290a70394ea6eee44887a8e89a827325f993b8d59cda3697249168
pack,subject_lookup,False,33,candidate,67592166,76108000,58716000,79839232,bytes,True,true,0,,True,True,12725,0f849c2f52290a70394ea6eee44887a8e89a827325f993b8d59cda3697249168
pack,subject_lookup,False,33,baseline,72283584,80593000,60151000,83165184,bytes,True,true,0,,True,True,12725,0f849c2f52290a70394ea6eee44887a8e89a827325f993b8d59cda3697249168
pack,subject_lookup,False,34,baseline,75386583,83292000,63212000,83312640,bytes,True,true,0,,True,True,12725,0f849c2f52290a70394ea6eee44887a8e89a827325f993b8d59cda3697249168
pack,subject_lookup,False,34,candidate,71433542,77757000,61121000,79822848,bytes,True,true,0,,True,True,12725,0f849c2f52290a70394ea6eee44887a8e89a827325f993b8d59cda3697249168
pack,subject_lookup,False,35,candidate,69051375,76848000,59877000,79740928,bytes,True,true,0,,True,True,12725,0f849c2f52290a70394ea6eee44887a8e89a827325f993b8d59cda3697249168
pack,subject_lookup,False,35,baseline,69015333,81709000,59717000,83230720,bytes,True,true,0,,True,True,12725,0f849c2f52290a70394ea6eee44887a8e89a827325f993b8d59cda3697249168
pack,subject_lookup,False,36,baseline,71596000,83273000,63293000,83509248,bytes,True,true,0,,True,True,12725,0f849c2f52290a70394ea6eee44887a8e89a827325f993b8d59cda3697249168
pack,subject_lookup,False,36,candidate,71518583,77391000,63952000,79626240,bytes,True,true,0,,True,True,12725,0f849c2f52290a70394ea6eee44887a8e89a827325f993b8d59cda3697249168
pack,subject_lookup,False,37,candidate,69741375,76165000,60752000,79314944,bytes,True,true,0,,True,True,12725,0f849c2f52290a70394ea6eee44887a8e89a827325f993b8d59cda3697249168
pack,subject_lookup,False,37,baseline,70822500,80412000,59226000,82673664,bytes,True,true,0,,True,True,12725,0f849c2f52290a70394ea6eee44887a8e89a827325f993b8d59cda3697249168
pack,subject_lookup,False,38,baseline,75037958,83653000,64837000,83116032,bytes,True,true,0,,True,True,12725,0f849c2f52290a70394ea6eee44887a8e89a827325f993b8d59cda3697249168
pack,subject_lookup,False,38,candidate,67750250,77215000,57355000,79560704,bytes,True,true,0,,True,True,12725,0f849c2f52290a70394ea6eee44887a8e89a827325f993b8d59cda3697249168
pack,subject_lookup,False,39,candidate,68096666,76298000,59403000,79380480,bytes,True,true,0,,True,True,12725,0f849c2f52290a70394ea6eee44887a8e89a827325f993b8d59cda3697249168
pack,subject_lookup,False,39,baseline,75291250,83935000,65209000,83034112,bytes,True,true,0,,True,True,12725,0f849c2f52290a70394ea6eee44887a8e89a827325f993b8d59cda3697249168
pack,subject_lookup,False,40,baseline,72192583,81847000,59388000,83279872,bytes,True,true,0,,True,True,12725,0f849c2f52290a70394ea6eee44887a8e89a827325f993b8d59cda3697249168
pack,subject_lookup,False,40,candidate,71877000,77796000,61048000,79740928,bytes,True,true,0,,True,True,12725,0f849c2f52290a70394ea6eee44887a8e89a827325f993b8d59cda3697249168
pack,subject_lookup,False,41,candidate,69687000,79167000,60202000,80330752,bytes,True,true,0,,True,True,12725,0f849c2f52290a70394ea6eee44887a8e89a827325f993b8d59cda3697249168
pack,subject_lookup,False,41,baseline,74184750,84002000,63632000,83099648,bytes,True,true,0,,True,True,12725,0f849c2f52290a70394ea6eee44887a8e89a827325f993b8d59cda3697249168
pack,subject_lookup,False,42,baseline,72677500,85205000,62635000,83001344,bytes,True,true,0,,True,True,12725,0f849c2f52290a70394ea6eee44887a8e89a827325f993b8d59cda3697249168
pack,subject_lookup,False,42,candidate,69624959,76301000,60065000,79593472,bytes,True,true,0,,True,True,12725,0f849c2f52290a70394ea6eee44887a8e89a827325f993b8d59cda3697249168
pack,subject_lookup,False,43,candidate,72362167,77020000,61663000,80019456,bytes,True,true,0,,True,True,12725,0f849c2f52290a70394ea6eee44887a8e89a827325f993b8d59cda3697249168
pack,subject_lookup,False,43,baseline,72525875,81390000,62898000,82739200,bytes,True,true,0,,True,True,12725,0f849c2f52290a70394ea6eee44887a8e89a827325f993b8d59cda3697249168
pack,subject_lookup,False,44,baseline,70895417,82305000,58095000,83230720,bytes,True,true,0,,True,True,12725,0f849c2f52290a70394ea6eee44887a8e89a827325f993b8d59cda3697249168
pack,subject_lookup,False,44,candidate,66822500,76155000,59866000,80117760,bytes,True,true,0,,True,True,12725,0f849c2f52290a70394ea6eee44887a8e89a827325f993b8d59cda3697249168
pack,subject_lookup,False,45,candidate,68495917,76600000,61255000,80052224,bytes,True,true,0,,True,True,12725,0f849c2f52290a70394ea6eee44887a8e89a827325f993b8d59cda3697249168
pack,subject_lookup,False,45,baseline,72780833,81531000,61420000,83116032,bytes,True,true,0,,True,True,12725,0f849c2f52290a70394ea6eee44887a8e89a827325f993b8d59cda3697249168
pack,subject_lookup,False,46,baseline,73000000,82864000,61655000,83410944,bytes,True,true,0,,True,True,12725,0f849c2f52290a70394ea6eee44887a8e89a827325f993b8d59cda3697249168
pack,subject_lookup,False,46,candidate,68423125,77060000,59838000,79462400,bytes,True,true,0,,True,True,12725,0f849c2f52290a70394ea6eee44887a8e89a827325f993b8d59cda3697249168
pack,subject_lookup,False,47,candidate,65118709,75069000,58849000,79609856,bytes,True,true,0,,True,True,12725,0f849c2f52290a70394ea6eee44887a8e89a827325f993b8d59cda3697249168
pack,subject_lookup,False,47,baseline,71635000,83005000,59157000,83181568,bytes,True,true,0,,True,True,12725,0f849c2f52290a70394ea6eee44887a8e89a827325f993b8d59cda3697249168
pack,subject_lookup,False,48,baseline,71025041,81134000,60950000,83116032,bytes,True,true,0,,True,True,12725,0f849c2f52290a70394ea6eee44887a8e89a827325f993b8d59cda3697249168
pack,subject_lookup,False,48,candidate,72788167,79067000,63439000,79822848,bytes,True,true,0,,True,True,12725,0f849c2f52290a70394ea6eee44887a8e89a827325f993b8d59cda3697249168
pack,subject_lookup,False,49,candidate,71753750,78300000,63660000,79855616,bytes,True,true,0,,True,True,12725,0f849c2f52290a70394ea6eee44887a8e89a827325f993b8d59cda3697249168
pack,subject_lookup,False,49,baseline,75643125,84609000,64797000,83443712,bytes,True,true,0,,True,True,12725,0f849c2f52290a70394ea6eee44887a8e89a827325f993b8d59cda3697249168
pack,subject_lookup,False,50,baseline,71839167,81953000,60757000,83345408,bytes,True,true,0,,True,True,12725,0f849c2f52290a70394ea6eee44887a8e89a827325f993b8d59cda3697249168
pack,subject_lookup,False,50,candidate,68031375,76839000,61369000,79478784,bytes,True,true,0,,True,True,12725,0f849c2f52290a70394ea6eee44887a8e89a827325f993b8d59cda3697249168
pack,subject_lookup,False,51,candidate,65000625,75666000,56983000,79511552,bytes,True,true,0,,True,True,12725,0f849c2f52290a70394ea6eee44887a8e89a827325f993b8d59cda3697249168
pack,subject_lookup,False,51,baseline,71963375,82299000,60478000,83230720,bytes,True,true,0,,True,True,12725,0f849c2f52290a70394ea6eee44887a8e89a827325f993b8d59cda3697249168
pack,subject_lookup,False,52,baseline,71849208,80988000,61901000,83066880,bytes,True,true,0,,True,True,12725,0f849c2f52290a70394ea6eee44887a8e89a827325f993b8d59cda3697249168
pack,subject_lookup,False,52,candidate,70291125,77142000,59878000,79495168,bytes,True,true,0,,True,True,12725,0f849c2f52290a70394ea6eee44887a8e89a827325f993b8d59cda3697249168
pack,subject_lookup,False,53,candidate,69738791,77245000,62562000,79659008,bytes,True,true,0,,True,True,12725,0f849c2f52290a70394ea6eee44887a8e89a827325f993b8d59cda3697249168
pack,subject_lookup,False,53,baseline,69930125,81222000,61615000,83066880,bytes,True,true,0,,True,True,12725,0f849c2f52290a70394ea6eee44887a8e89a827325f993b8d59cda3697249168
pack,subject_lookup,False,54,baseline,71769750,82210000,61139000,82903040,bytes,True,true,0,,True,True,12725,0f849c2f52290a70394ea6eee44887a8e89a827325f993b8d59cda3697249168
pack,subject_lookup,False,54,candidate,69637167,76219000,61554000,79724544,bytes,True,true,0,,True,True,12725,0f849c2f52290a70394ea6eee44887a8e89a827325f993b8d59cda3697249168
pack,subject_lookup,False,55,candidate,68229625,76666000,59718000,79773696,bytes,True,true,0,,True,True,12725,0f849c2f52290a70394ea6eee44887a8e89a827325f993b8d59cda3697249168
pack,subject_lookup,False,55,baseline,67565167,79555000,57384000,83361792,bytes,True,true,0,,True,True,12725,0f849c2f52290a70394ea6eee44887a8e89a827325f993b8d59cda3697249168
pack,subject_lookup,False,56,baseline,71547958,80965000,60041000,83263488,bytes,True,true,0,,True,True,12725,0f849c2f52290a70394ea6eee44887a8e89a827325f993b8d59cda3697249168
pack,subject_lookup,False,56,candidate,69594541,75876000,59346000,79478784,bytes,True,true,0,,True,True,12725,0f849c2f52290a70394ea6eee44887a8e89a827325f993b8d59cda3697249168
pack,subject_lookup,False,57,candidate,70010833,77676000,61766000,79888384,bytes,True,true,0,,True,True,12725,0f849c2f52290a70394ea6eee44887a8e89a827325f993b8d59cda3697249168
pack,subject_lookup,False,57,baseline,74329708,81370000,62516000,83263488,bytes,True,true,0,,True,True,12725,0f849c2f52290a70394ea6eee44887a8e89a827325f993b8d59cda3697249168
pack,subject_lookup,False,58,baseline,72777208,82122000,63482000,82870272,bytes,True,true,0,,True,True,12725,0f849c2f52290a70394ea6eee44887a8e89a827325f993b8d59cda3697249168
pack,subject_lookup,False,58,candidate,69717375,76840000,63228000,79413248,bytes,True,true,0,,True,True,12725,0f849c2f52290a70394ea6eee44887a8e89a827325f993b8d59cda3697249168
pack,subject_lookup,False,59,candidate,73994625,79044000,64681000,79314944,bytes,True,true,0,,True,True,12725,0f849c2f52290a70394ea6eee44887a8e89a827325f993b8d59cda3697249168
pack,subject_lookup,False,59,baseline,71562625,83630000,64443000,83197952,bytes,True,true,0,,True,True,12725,0f849c2f52290a70394ea6eee44887a8e89a827325f993b8d59cda3697249168
pack,subject_lookup,False,60,baseline,71730833,81079000,60548000,82444288,bytes,True,true,0,,True,True,12725,0f849c2f52290a70394ea6eee44887a8e89a827325f993b8d59cda3697249168
pack,subject_lookup,False,60,candidate,69585500,76740000,61870000,79740928,bytes,True,true,0,,True,True,12725,0f849c2f52290a70394ea6eee44887a8e89a827325f993b8d59cda3697249168
pack,subject_lookup,False,61,candidate,70585709,78143000,61177000,79806464,bytes,True,true,0,,True,True,12725,0f849c2f52290a70394ea6eee44887a8e89a827325f993b8d59cda3697249168
pack,subject_lookup,False,61,baseline,75853209,84354000,62356000,83214336,bytes,True,true,0,,True,True,12725,0f849c2f52290a70394ea6eee44887a8e89a827325f993b8d59cda3697249168
pack,subject_lookup,False,62,baseline,74639542,83348000,66713000,83279872,bytes,True,true,0,,True,True,12725,0f849c2f52290a70394ea6eee44887a8e89a827325f993b8d59cda3697249168
pack,subject_lookup,False,62,candidate,69575083,77050000,60873000,79642624,bytes,True,true,0,,True,True,12725,0f849c2f52290a70394ea6eee44887a8e89a827325f993b8d59cda3697249168
pack,subject_lookup,False,63,candidate,69174125,76829000,60754000,79314944,bytes,True,true,0,,True,True,12725,0f849c2f52290a70394ea6eee44887a8e89a827325f993b8d59cda3697249168
pack,subject_lookup,False,63,baseline,72505208,82495000,61610000,83427328,bytes,True,true,0,,True,True,12725,0f849c2f52290a70394ea6eee44887a8e89a827325f993b8d59cda3697249168
pack,subject_lookup,False,64,baseline,74995083,81018000,62094000,82968576,bytes,True,true,0,,True,True,12725,0f849c2f52290a70394ea6eee44887a8e89a827325f993b8d59cda3697249168
pack,subject_lookup,False,64,candidate,69876667,77143000,59306000,79740928,bytes,True,true,0,,True,True,12725,0f849c2f52290a70394ea6eee44887a8e89a827325f993b8d59cda3697249168
pack,subject_lookup,False,65,candidate,67771084,77581000,57874000,79708160,bytes,True,true,0,,True,True,12725,0f849c2f52290a70394ea6eee44887a8e89a827325f993b8d59cda3697249168
pack,subject_lookup,False,65,baseline,70642042,83544000,59124000,83116032,bytes,True,true,0,,True,True,12725,0f849c2f52290a70394ea6eee44887a8e89a827325f993b8d59cda3697249168
pack,subject_lookup,False,66,baseline,73119625,83604000,60275000,83247104,bytes,True,true,0,,True,True,12725,0f849c2f52290a70394ea6eee44887a8e89a827325f993b8d59cda3697249168
pack,subject_lookup,False,66,candidate,69349666,78137000,59961000,79560704,bytes,True,true,0,,True,True,12725,0f849c2f52290a70394ea6eee44887a8e89a827325f993b8d59cda3697249168
pack,subject_lookup,False,67,candidate,72339708,78559000,61439000,79773696,bytes,True,true,0,,True,True,12725,0f849c2f52290a70394ea6eee44887a8e89a827325f993b8d59cda3697249168
pack,subject_lookup,False,67,baseline,130383417,83936000,67981000,83099648,bytes,True,true,0,,True,True,12725,0f849c2f52290a70394ea6eee44887a8e89a827325f993b8d59cda3697249168
pack,subject_lookup,False,68,baseline,69254625,81852000,59794000,83099648,bytes,True,true,0,,True,True,12725,0f849c2f52290a70394ea6eee44887a8e89a827325f993b8d59cda3697249168
pack,subject_lookup,False,68,candidate,68949750,75925000,58812000,79429632,bytes,True,true,0,,True,True,12725,0f849c2f52290a70394ea6eee44887a8e89a827325f993b8d59cda3697249168
pack,subject_lookup,False,69,candidate,84490167,79054000,71714000,79560704,bytes,True,true,0,,True,True,12725,0f849c2f52290a70394ea6eee44887a8e89a827325f993b8d59cda3697249168
pack,subject_lookup,False,69,baseline,82102417,83467000,69310000,82132992,bytes,True,true,0,,True,True,12725,0f849c2f52290a70394ea6eee44887a8e89a827325f993b8d59cda3697249168
pack,subject_lookup,False,70,baseline,155661500,95883000,73038000,83247104,bytes,True,true,0,,True,True,12725,0f849c2f52290a70394ea6eee44887a8e89a827325f993b8d59cda3697249168
pack,subject_lookup,False,70,candidate,94435125,83403000,67841000,79740928,bytes,True,true,0,,True,True,12725,0f849c2f52290a70394ea6eee44887a8e89a827325f993b8d59cda3697249168
pack,subject_lookup,False,71,candidate,75702625,79230000,65240000,79347712,bytes,True,true,0,,True,True,12725,0f849c2f52290a70394ea6eee44887a8e89a827325f993b8d59cda3697249168
pack,subject_lookup,False,71,baseline,74226750,82255000,62351000,82657280,bytes,True,true,0,,True,True,12725,0f849c2f52290a70394ea6eee44887a8e89a827325f993b8d59cda3697249168
pack,subject_lookup,False,72,baseline,81992750,87319000,64578000,83329024,bytes,True,true,0,,True,True,12725,0f849c2f52290a70394ea6eee44887a8e89a827325f993b8d59cda3697249168
pack,subject_lookup,False,72,candidate,75774250,79517000,63953000,79691776,bytes,True,true,0,,True,True,12725,0f849c2f52290a70394ea6eee44887a8e89a827325f993b8d59cda3697249168
pack,subject_lookup,False,73,candidate,74155459,77245000,64638000,79200256,bytes,True,true,0,,True,True,12725,0f849c2f52290a70394ea6eee44887a8e89a827325f993b8d59cda3697249168
pack,subject_lookup,False,73,baseline,85679958,85415000,64220000,82821120,bytes,True,true,0,,True,True,12725,0f849c2f52290a70394ea6eee44887a8e89a827325f993b8d59cda3697249168
pack,subject_lookup,False,74,baseline,108206541,88657000,68652000,82771968,bytes,True,true,0,,True,True,12725,0f849c2f52290a70394ea6eee44887a8e89a827325f993b8d59cda3697249168
pack,subject_lookup,False,74,candidate,75511125,78563000,66611000,79380480,bytes,True,true,0,,True,True,12725,0f849c2f52290a70394ea6eee44887a8e89a827325f993b8d59cda3697249168
pack,subject_lookup,False,75,candidate,70436917,78076000,60486000,79855616,bytes,True,true,0,,True,True,12725,0f849c2f52290a70394ea6eee44887a8e89a827325f993b8d59cda3697249168
pack,subject_lookup,False,75,baseline,139214417,90285000,74986000,83410944,bytes,True,true,0,,True,True,12725,0f849c2f52290a70394ea6eee44887a8e89a827325f993b8d59cda3697249168
pack,subject_lookup,False,76,baseline,160839459,95232000,75729000,83623936,bytes,True,true,0,,True,True,12725,0f849c2f52290a70394ea6eee44887a8e89a827325f993b8d59cda3697249168
pack,subject_lookup,False,76,candidate,180219208,93606000,79230000,80232448,bytes,True,true,0,,True,True,12725,0f849c2f52290a70394ea6eee44887a8e89a827325f993b8d59cda3697249168
pack,subject_lookup,False,77,candidate,152943417,94396000,78006000,79364096,bytes,True,true,0,,True,True,12725,0f849c2f52290a70394ea6eee44887a8e89a827325f993b8d59cda3697249168
pack,subject_lookup,False,77,baseline,112883875,95660000,73089000,83116032,bytes,True,true,0,,True,True,12725,0f849c2f52290a70394ea6eee44887a8e89a827325f993b8d59cda3697249168
pack,subject_lookup,False,78,baseline,198808542,92451000,75264000,84541440,bytes,True,true,0,,True,True,12725,0f849c2f52290a70394ea6eee44887a8e89a827325f993b8d59cda3697249168
pack,subject_lookup,False,78,candidate,181366458,91158000,73444000,79757312,bytes,True,true,0,,True,True,12725,0f849c2f52290a70394ea6eee44887a8e89a827325f993b8d59cda3697249168
pack,subject_lookup,False,79,candidate,236790000,90938000,79764000,79675392,bytes,True,true,0,,True,True,12725,0f849c2f52290a70394ea6eee44887a8e89a827325f993b8d59cda3697249168
pack,subject_lookup,False,79,baseline,160628917,99781000,73889000,83492864,bytes,True,true,0,,True,True,12725,0f849c2f52290a70394ea6eee44887a8e89a827325f993b8d59cda3697249168
pack,subject_lookup,False,80,baseline,126310167,93107000,65562000,82526208,bytes,True,true,0,,True,True,12725,0f849c2f52290a70394ea6eee44887a8e89a827325f993b8d59cda3697249168
pack,subject_lookup,False,80,candidate,79259416,80133000,63443000,79560704,bytes,True,true,0,,True,True,12725,0f849c2f52290a70394ea6eee44887a8e89a827325f993b8d59cda3697249168
pack,subject_lookup,False,81,candidate,144681334,94633000,70478000,80314368,bytes,True,true,0,,True,True,12725,0f849c2f52290a70394ea6eee44887a8e89a827325f993b8d59cda3697249168
pack,subject_lookup,False,81,baseline,163818250,99779000,69853000,82575360,bytes,True,true,0,,True,True,12725,0f849c2f52290a70394ea6eee44887a8e89a827325f993b8d59cda3697249168
pack,subject_lookup,False,82,baseline,201268375,91085000,70044000,82788352,bytes,True,true,0,,True,True,12725,0f849c2f52290a70394ea6eee44887a8e89a827325f993b8d59cda3697249168
pack,subject_lookup,False,82,candidate,85911250,81724000,64251000,79151104,bytes,True,true,0,,True,True,12725,0f849c2f52290a70394ea6eee44887a8e89a827325f993b8d59cda3697249168
pack,subject_lookup,False,83,candidate,84246375,85260000,68650000,79314944,bytes,True,true,0,,True,True,12725,0f849c2f52290a70394ea6eee44887a8e89a827325f993b8d59cda3697249168
pack,subject_lookup,False,83,baseline,92749083,90592000,71733000,82657280,bytes,True,true,0,,True,True,12725,0f849c2f52290a70394ea6eee44887a8e89a827325f993b8d59cda3697249168
pack,subject_lookup,False,84,baseline,137301000,93662000,75358000,83197952,bytes,True,true,0,,True,True,12725,0f849c2f52290a70394ea6eee44887a8e89a827325f993b8d59cda3697249168
pack,subject_lookup,False,84,candidate,111667500,84812000,69016000,79118336,bytes,True,true,0,,True,True,12725,0f849c2f52290a70394ea6eee44887a8e89a827325f993b8d59cda3697249168
pack,subject_lookup,False,85,candidate,70082125,77856000,63961000,79872000,bytes,True,true,0,,True,True,12725,0f849c2f52290a70394ea6eee44887a8e89a827325f993b8d59cda3697249168
pack,subject_lookup,False,85,baseline,79384333,83784000,66047000,83083264,bytes,True,true,0,,True,True,12725,0f849c2f52290a70394ea6eee44887a8e89a827325f993b8d59cda3697249168
pack,subject_lookup,False,86,baseline,78150208,83765000,68307000,83345408,bytes,True,true,0,,True,True,12725,0f849c2f52290a70394ea6eee44887a8e89a827325f993b8d59cda3697249168
pack,subject_lookup,False,86,candidate,131149666,84447000,60796000,79118336,bytes,True,true,0,,True,True,12725,0f849c2f52290a70394ea6eee44887a8e89a827325f993b8d59cda3697249168
pack,subject_lookup,False,87,candidate,90786458,83759000,69734000,79659008,bytes,True,true,0,,True,True,12725,0f849c2f52290a70394ea6eee44887a8e89a827325f993b8d59cda3697249168
pack,subject_lookup,False,87,baseline,85327750,86217000,74056000,82870272,bytes,True,true,0,,True,True,12725,0f849c2f52290a70394ea6eee44887a8e89a827325f993b8d59cda3697249168
pack,subject_lookup,False,88,baseline,84278625,84933000,70621000,83050496,bytes,True,true,0,,True,True,12725,0f849c2f52290a70394ea6eee44887a8e89a827325f993b8d59cda3697249168
pack,subject_lookup,False,88,candidate,70362458,76336000,60351000,79953920,bytes,True,true,0,,True,True,12725,0f849c2f52290a70394ea6eee44887a8e89a827325f993b8d59cda3697249168
pack,subject_lookup,False,89,candidate,75812292,76884000,67751000,79347712,bytes,True,true,0,,True,True,12725,0f849c2f52290a70394ea6eee44887a8e89a827325f993b8d59cda3697249168
pack,subject_lookup,False,89,baseline,76153458,82991000,63822000,83460096,bytes,True,true,0,,True,True,12725,0f849c2f52290a70394ea6eee44887a8e89a827325f993b8d59cda3697249168
pack,subject_lookup,False,90,baseline,78870292,83040000,71485000,83279872,bytes,True,true,0,,True,True,12725,0f849c2f52290a70394ea6eee44887a8e89a827325f993b8d59cda3697249168
pack,subject_lookup,False,90,candidate,67701875,76042000,60917000,79593472,bytes,True,true,0,,True,True,12725,0f849c2f52290a70394ea6eee44887a8e89a827325f993b8d59cda3697249168
pack,subject_lookup,False,91,candidate,76111792,77329000,67908000,79953920,bytes,True,true,0,,True,True,12725,0f849c2f52290a70394ea6eee44887a8e89a827325f993b8d59cda3697249168
pack,subject_lookup,False,91,baseline,75212791,82662000,64449000,83165184,bytes,True,true,0,,True,True,12725,0f849c2f52290a70394ea6eee44887a8e89a827325f993b8d59cda3697249168
pack,subject_lookup,False,92,baseline,76785583,83480000,68629000,83263488,bytes,True,true,0,,True,True,12725,0f849c2f52290a70394ea6eee44887a8e89a827325f993b8d59cda3697249168
pack,subject_lookup,False,92,candidate,71853292,76341000,66838000,79691776,bytes,True,true,0,,True,True,12725,0f849c2f52290a70394ea6eee44887a8e89a827325f993b8d59cda3697249168
pack,subject_lookup,False,93,candidate,73340166,77354000,67996000,80019456,bytes,True,true,0,,True,True,12725,0f849c2f52290a70394ea6eee44887a8e89a827325f993b8d59cda3697249168
pack,subject_lookup,False,93,baseline,73394417,83379000,65050000,83394560,bytes,True,true,0,,True,True,12725,0f849c2f52290a70394ea6eee44887a8e89a827325f993b8d59cda3697249168
pack,subject_lookup,False,94,baseline,78430667,80475000,67811000,82837504,bytes,True,true,0,,True,True,12725,0f849c2f52290a70394ea6eee44887a8e89a827325f993b8d59cda3697249168
pack,subject_lookup,False,94,candidate,75334792,75581000,65489000,79429632,bytes,True,true,0,,True,True,12725,0f849c2f52290a70394ea6eee44887a8e89a827325f993b8d59cda3697249168
pack,subject_lookup,False,95,candidate,69990459,76475000,63045000,79822848,bytes,True,true,0,,True,True,12725,0f849c2f52290a70394ea6eee44887a8e89a827325f993b8d59cda3697249168
pack,subject_lookup,False,95,baseline,76419833,82205000,65717000,83329024,bytes,True,true,0,,True,True,12725,0f849c2f52290a70394ea6eee44887a8e89a827325f993b8d59cda3697249168
pack,subject_lookup,False,96,baseline,73103542,81128000,66182000,82984960,bytes,True,true,0,,True,True,12725,0f849c2f52290a70394ea6eee44887a8e89a827325f993b8d59cda3697249168
pack,subject_lookup,False,96,candidate,72986916,76897000,64497000,79446016,bytes,True,true,0,,True,True,12725,0f849c2f52290a70394ea6eee44887a8e89a827325f993b8d59cda3697249168
pack,subject_lookup,False,97,candidate,70020916,76681000,64130000,79593472,bytes,True,true,0,,True,True,12725,0f849c2f52290a70394ea6eee44887a8e89a827325f993b8d59cda3697249168
pack,subject_lookup,False,97,baseline,76521583,80821000,65634000,83165184,bytes,True,true,0,,True,True,12725,0f849c2f52290a70394ea6eee44887a8e89a827325f993b8d59cda3697249168
pack,subject_lookup,False,98,baseline,69338625,81069000,62521000,83460096,bytes,True,true,0,,True,True,12725,0f849c2f52290a70394ea6eee44887a8e89a827325f993b8d59cda3697249168
pack,subject_lookup,False,98,candidate,68121166,74844000,60767000,79740928,bytes,True,true,0,,True,True,12725,0f849c2f52290a70394ea6eee44887a8e89a827325f993b8d59cda3697249168
pack,subject_lookup,False,99,candidate,68264708,77509000,60463000,79855616,bytes,True,true,0,,True,True,12725,0f849c2f52290a70394ea6eee44887a8e89a827325f993b8d59cda3697249168
pack,subject_lookup,False,99,baseline,70667708,82909000,60308000,83623936,bytes,True,true,0,,True,True,12725,0f849c2f52290a70394ea6eee44887a8e89a827325f993b8d59cda3697249168
pack,absent_term,True,0,baseline,146088416,164016000,68662000,90882048,bytes,True,true,0,,True,True,12819,58a491584666acfbed6cc0c5553723e4ce7005aef405810d4a7c374d90127aff
pack,absent_term,True,0,candidate,91741791,109283000,63136000,90996736,bytes,True,true,0,,True,True,12819,58a491584666acfbed6cc0c5553723e4ce7005aef405810d4a7c374d90127aff
pack,absent_term,True,1,candidate,92282708,108332000,64667000,91029504,bytes,True,true,0,,True,True,12819,58a491584666acfbed6cc0c5553723e4ce7005aef405810d4a7c374d90127aff
pack,absent_term,True,1,baseline,143994375,167984000,65288000,91734016,bytes,True,true,0,,True,True,12819,58a491584666acfbed6cc0c5553723e4ce7005aef405810d4a7c374d90127aff
pack,absent_term,True,2,baseline,144724583,163734000,65781000,93503488,bytes,True,true,0,,True,True,12819,58a491584666acfbed6cc0c5553723e4ce7005aef405810d4a7c374d90127aff
pack,absent_term,True,2,candidate,94376125,111646000,64622000,91013120,bytes,True,true,0,,True,True,12819,58a491584666acfbed6cc0c5553723e4ce7005aef405810d4a7c374d90127aff
pack,absent_term,False,0,baseline,144707167,164255000,68090000,90783744,bytes,True,true,0,,True,True,12819,58a491584666acfbed6cc0c5553723e4ce7005aef405810d4a7c374d90127aff
pack,absent_term,False,0,candidate,96248167,109306000,70031000,92209152,bytes,True,true,0,,True,True,12819,58a491584666acfbed6cc0c5553723e4ce7005aef405810d4a7c374d90127aff
pack,absent_term,False,1,candidate,95206250,110999000,67562000,91209728,bytes,True,true,0,,True,True,12819,58a491584666acfbed6cc0c5553723e4ce7005aef405810d4a7c374d90127aff
pack,absent_term,False,1,baseline,145114875,164443000,68686000,91947008,bytes,True,true,0,,True,True,12819,58a491584666acfbed6cc0c5553723e4ce7005aef405810d4a7c374d90127aff
pack,absent_term,False,2,baseline,148345166,166564000,68782000,93634560,bytes,True,true,0,,True,True,12819,58a491584666acfbed6cc0c5553723e4ce7005aef405810d4a7c374d90127aff
pack,absent_term,False,2,candidate,96343000,113984000,67248000,90996736,bytes,True,true,0,,True,True,12819,58a491584666acfbed6cc0c5553723e4ce7005aef405810d4a7c374d90127aff
pack,absent_term,False,3,candidate,99072958,110090000,71537000,92585984,bytes,True,true,0,,True,True,12819,58a491584666acfbed6cc0c5553723e4ce7005aef405810d4a7c374d90127aff
pack,absent_term,False,3,baseline,148428542,166040000,69408000,90914816,bytes,True,true,0,,True,True,12819,58a491584666acfbed6cc0c5553723e4ce7005aef405810d4a7c374d90127aff
pack,absent_term,False,4,baseline,146989917,168818000,69761000,93880320,bytes,True,true,0,,True,True,12819,58a491584666acfbed6cc0c5553723e4ce7005aef405810d4a7c374d90127aff
pack,absent_term,False,4,candidate,92423792,104601000,64358000,92700672,bytes,True,true,0,,True,True,12819,58a491584666acfbed6cc0c5553723e4ce7005aef405810d4a7c374d90127aff
pack,absent_term,False,5,candidate,89296375,106728000,62152000,91062272,bytes,True,true,0,,True,True,12819,58a491584666acfbed6cc0c5553723e4ce7005aef405810d4a7c374d90127aff
pack,absent_term,False,5,baseline,140017208,162393000,63242000,92864512,bytes,True,true,0,,True,True,12819,58a491584666acfbed6cc0c5553723e4ce7005aef405810d4a7c374d90127aff
pack,absent_term,False,6,baseline,142092167,164424000,64552000,94175232,bytes,True,true,0,,True,True,12819,58a491584666acfbed6cc0c5553723e4ce7005aef405810d4a7c374d90127aff
pack,absent_term,False,6,candidate,93810042,108379000,64488000,92061696,bytes,True,true,0,,True,True,12819,58a491584666acfbed6cc0c5553723e4ce7005aef405810d4a7c374d90127aff
pack,absent_term,False,7,candidate,88113875,109733000,60703000,90619904,bytes,True,true,0,,True,True,12819,58a491584666acfbed6cc0c5553723e4ce7005aef405810d4a7c374d90127aff
pack,absent_term,False,7,baseline,145408042,166176000,64384000,91832320,bytes,True,true,0,,True,True,12819,58a491584666acfbed6cc0c5553723e4ce7005aef405810d4a7c374d90127aff
pack,absent_term,False,8,baseline,147607583,167729000,64266000,93061120,bytes,True,true,0,,True,True,12819,58a491584666acfbed6cc0c5553723e4ce7005aef405810d4a7c374d90127aff
pack,absent_term,False,8,candidate,91188583,107209000,64806000,92291072,bytes,True,true,0,,True,True,12819,58a491584666acfbed6cc0c5553723e4ce7005aef405810d4a7c374d90127aff
pack,absent_term,False,9,candidate,91593292,110197000,63467000,91095040,bytes,True,true,0,,True,True,12819,58a491584666acfbed6cc0c5553723e4ce7005aef405810d4a7c374d90127aff
pack,absent_term,False,9,baseline,145580583,162496000,66030000,93061120,bytes,True,true,0,,True,True,12819,58a491584666acfbed6cc0c5553723e4ce7005aef405810d4a7c374d90127aff
pack,absent_term,False,10,baseline,140508542,161616000,64223000,90963968,bytes,True,true,0,,True,True,12819,58a491584666acfbed6cc0c5553723e4ce7005aef405810d4a7c374d90127aff
pack,absent_term,False,10,candidate,86438125,102704000,59892000,92438528,bytes,True,true,0,,True,True,12819,58a491584666acfbed6cc0c5553723e4ce7005aef405810d4a7c374d90127aff
pack,absent_term,False,11,candidate,94817833,106890000,63876000,92651520,bytes,True,true,0,,True,True,12819,58a491584666acfbed6cc0c5553723e4ce7005aef405810d4a7c374d90127aff
pack,absent_term,False,11,baseline,200605125,197920000,71756000,93110272,bytes,True,true,0,,True,True,12819,58a491584666acfbed6cc0c5553723e4ce7005aef405810d4a7c374d90127aff
pack,absent_term,False,12,baseline,142335666,162904000,63003000,91668480,bytes,True,true,0,,True,True,12819,58a491584666acfbed6cc0c5553723e4ce7005aef405810d4a7c374d90127aff
pack,absent_term,False,12,candidate,91779708,107335000,66317000,92487680,bytes,True,true,0,,True,True,12819,58a491584666acfbed6cc0c5553723e4ce7005aef405810d4a7c374d90127aff
pack,absent_term,False,13,candidate,89733625,108540000,61327000,91160576,bytes,True,true,0,,True,True,12819,58a491584666acfbed6cc0c5553723e4ce7005aef405810d4a7c374d90127aff
pack,absent_term,False,13,baseline,138399834,162482000,63146000,93519872,bytes,True,true,0,,True,True,12819,58a491584666acfbed6cc0c5553723e4ce7005aef405810d4a7c374d90127aff
pack,absent_term,False,14,baseline,140498500,165281000,65474000,92667904,bytes,True,true,0,,True,True,12819,58a491584666acfbed6cc0c5553723e4ce7005aef405810d4a7c374d90127aff
pack,absent_term,False,14,candidate,92042917,110446000,63127000,90816512,bytes,True,true,0,,True,True,12819,58a491584666acfbed6cc0c5553723e4ce7005aef405810d4a7c374d90127aff
pack,absent_term,False,15,candidate,89378625,108340000,64735000,91095040,bytes,True,true,0,,True,True,12819,58a491584666acfbed6cc0c5553723e4ce7005aef405810d4a7c374d90127aff
pack,absent_term,False,15,baseline,144876958,162089000,64490000,91160576,bytes,True,true,0,,True,True,12819,58a491584666acfbed6cc0c5553723e4ce7005aef405810d4a7c374d90127aff
pack,absent_term,False,16,baseline,145852334,163587000,67691000,93487104,bytes,True,true,0,,True,True,12819,58a491584666acfbed6cc0c5553723e4ce7005aef405810d4a7c374d90127aff
pack,absent_term,False,16,candidate,94868958,111005000,62654000,91127808,bytes,True,true,0,,True,True,12819,58a491584666acfbed6cc0c5553723e4ce7005aef405810d4a7c374d90127aff
pack,absent_term,False,17,candidate,97474542,112852000,67577000,90931200,bytes,True,true,0,,True,True,12819,58a491584666acfbed6cc0c5553723e4ce7005aef405810d4a7c374d90127aff
pack,absent_term,False,17,baseline,145016792,165672000,68893000,91865088,bytes,True,true,0,,True,True,12819,58a491584666acfbed6cc0c5553723e4ce7005aef405810d4a7c374d90127aff
pack,absent_term,False,18,baseline,144109708,163815000,65654000,91701248,bytes,True,true,0,,True,True,12819,58a491584666acfbed6cc0c5553723e4ce7005aef405810d4a7c374d90127aff
pack,absent_term,False,18,candidate,93079083,108977000,63662000,91095040,bytes,True,true,0,,True,True,12819,58a491584666acfbed6cc0c5553723e4ce7005aef405810d4a7c374d90127aff
pack,absent_term,False,19,candidate,92432959,107952000,63612000,92667904,bytes,True,true,0,,True,True,12819,58a491584666acfbed6cc0c5553723e4ce7005aef405810d4a7c374d90127aff
pack,absent_term,False,19,baseline,152076666,168226000,68316000,91684864,bytes,True,true,0,,True,True,12819,58a491584666acfbed6cc0c5553723e4ce7005aef405810d4a7c374d90127aff
pack,absent_term,False,20,baseline,145355583,168032000,64501000,92602368,bytes,True,true,0,,True,True,12819,58a491584666acfbed6cc0c5553723e4ce7005aef405810d4a7c374d90127aff
pack,absent_term,False,20,candidate,96932708,108588000,65963000,92635136,bytes,True,true,0,,True,True,12819,58a491584666acfbed6cc0c5553723e4ce7005aef405810d4a7c374d90127aff
pack,absent_term,False,21,candidate,97560416,107707000,68409000,92422144,bytes,True,true,0,,True,True,12819,58a491584666acfbed6cc0c5553723e4ce7005aef405810d4a7c374d90127aff
pack,absent_term,False,21,baseline,147035791,166630000,63697000,91193344,bytes,True,true,0,,True,True,12819,58a491584666acfbed6cc0c5553723e4ce7005aef405810d4a7c374d90127aff
pack,absent_term,False,22,baseline,150866708,163327000,70583000,90800128,bytes,True,true,0,,True,True,12819,58a491584666acfbed6cc0c5553723e4ce7005aef405810d4a7c374d90127aff
pack,absent_term,False,22,candidate,87590625,103499000,60432000,92520448,bytes,True,true,0,,True,True,12819,58a491584666acfbed6cc0c5553723e4ce7005aef405810d4a7c374d90127aff
pack,absent_term,False,23,candidate,92992333,111254000,64129000,90423296,bytes,True,true,0,,True,True,12819,58a491584666acfbed6cc0c5553723e4ce7005aef405810d4a7c374d90127aff
pack,absent_term,False,23,baseline,156364167,172153000,74477000,91455488,bytes,True,true,0,,True,True,12819,58a491584666acfbed6cc0c5553723e4ce7005aef405810d4a7c374d90127aff
pack,absent_term,False,24,baseline,140314417,164098000,62106000,92094464,bytes,True,true,0,,True,True,12819,58a491584666acfbed6cc0c5553723e4ce7005aef405810d4a7c374d90127aff
pack,absent_term,False,24,candidate,91297000,108907000,59909000,90259456,bytes,True,true,0,,True,True,12819,58a491584666acfbed6cc0c5553723e4ce7005aef405810d4a7c374d90127aff
pack,absent_term,False,25,candidate,91129750,109374000,61513000,90963968,bytes,True,true,0,,True,True,12819,58a491584666acfbed6cc0c5553723e4ce7005aef405810d4a7c374d90127aff
pack,absent_term,False,25,baseline,139901458,163819000,65527000,92684288,bytes,True,true,0,,True,True,12819,58a491584666acfbed6cc0c5553723e4ce7005aef405810d4a7c374d90127aff
pack,absent_term,False,26,baseline,143574000,163601000,67444000,92717056,bytes,True,true,0,,True,True,12819,58a491584666acfbed6cc0c5553723e4ce7005aef405810d4a7c374d90127aff
pack,absent_term,False,26,candidate,91775542,108804000,63730000,91439104,bytes,True,true,0,,True,True,12819,58a491584666acfbed6cc0c5553723e4ce7005aef405810d4a7c374d90127aff
pack,absent_term,False,27,candidate,93855334,109226000,65118000,92127232,bytes,True,true,0,,True,True,12819,58a491584666acfbed6cc0c5553723e4ce7005aef405810d4a7c374d90127aff
pack,absent_term,False,27,baseline,146473583,163310000,69126000,93323264,bytes,True,true,0,,True,True,12819,58a491584666acfbed6cc0c5553723e4ce7005aef405810d4a7c374d90127aff
pack,absent_term,False,28,baseline,145137750,166965000,65758000,92602368,bytes,True,true,0,,True,True,12819,58a491584666acfbed6cc0c5553723e4ce7005aef405810d4a7c374d90127aff
pack,absent_term,False,28,candidate,89097833,108990000,61551000,91045888,bytes,True,true,0,,True,True,12819,58a491584666acfbed6cc0c5553723e4ce7005aef405810d4a7c374d90127aff
pack,absent_term,False,29,candidate,89376292,107086000,63384000,90996736,bytes,True,true,0,,True,True,12819,58a491584666acfbed6cc0c5553723e4ce7005aef405810d4a7c374d90127aff
pack,absent_term,False,29,baseline,148256709,165536000,69567000,93028352,bytes,True,true,0,,True,True,12819,58a491584666acfbed6cc0c5553723e4ce7005aef405810d4a7c374d90127aff
pack,absent_term,False,30,baseline,139208250,160647000,64900000,91176960,bytes,True,true,0,,True,True,12819,58a491584666acfbed6cc0c5553723e4ce7005aef405810d4a7c374d90127aff
pack,absent_term,False,30,candidate,91797708,109561000,64981000,91357184,bytes,True,true,0,,True,True,12819,58a491584666acfbed6cc0c5553723e4ce7005aef405810d4a7c374d90127aff
pack,absent_term,False,31,candidate,92222625,105914000,61225000,92553216,bytes,True,true,0,,True,True,12819,58a491584666acfbed6cc0c5553723e4ce7005aef405810d4a7c374d90127aff
pack,absent_term,False,31,baseline,143119167,165241000,63993000,92422144,bytes,True,true,0,,True,True,12819,58a491584666acfbed6cc0c5553723e4ce7005aef405810d4a7c374d90127aff
pack,absent_term,False,32,baseline,141969709,162737000,61632000,91815936,bytes,True,true,0,,True,True,12819,58a491584666acfbed6cc0c5553723e4ce7005aef405810d4a7c374d90127aff
pack,absent_term,False,32,candidate,91750667,104319000,62495000,92618752,bytes,True,true,0,,True,True,12819,58a491584666acfbed6cc0c5553723e4ce7005aef405810d4a7c374d90127aff
pack,absent_term,False,33,candidate,90968792,110702000,63515000,90914816,bytes,True,true,0,,True,True,12819,58a491584666acfbed6cc0c5553723e4ce7005aef405810d4a7c374d90127aff
pack,absent_term,False,33,baseline,143902167,164323000,65924000,92733440,bytes,True,true,0,,True,True,12819,58a491584666acfbed6cc0c5553723e4ce7005aef405810d4a7c374d90127aff
pack,absent_term,False,34,baseline,146458125,168792000,67207000,93618176,bytes,True,true,0,,True,True,12819,58a491584666acfbed6cc0c5553723e4ce7005aef405810d4a7c374d90127aff
pack,absent_term,False,34,candidate,92880542,111209000,64131000,90947584,bytes,True,true,0,,True,True,12819,58a491584666acfbed6cc0c5553723e4ce7005aef405810d4a7c374d90127aff
pack,absent_term,False,35,candidate,92851625,108051000,64707000,92291072,bytes,True,true,0,,True,True,12819,58a491584666acfbed6cc0c5553723e4ce7005aef405810d4a7c374d90127aff
pack,absent_term,False,35,baseline,140563708,161513000,65602000,93339648,bytes,True,true,0,,True,True,12819,58a491584666acfbed6cc0c5553723e4ce7005aef405810d4a7c374d90127aff
pack,absent_term,False,36,baseline,144265083,166918000,67070000,91406336,bytes,True,true,0,,True,True,12819,58a491584666acfbed6cc0c5553723e4ce7005aef405810d4a7c374d90127aff
pack,absent_term,False,36,candidate,90905667,109271000,61765000,91045888,bytes,True,true,0,,True,True,12819,58a491584666acfbed6cc0c5553723e4ce7005aef405810d4a7c374d90127aff
pack,absent_term,False,37,candidate,96394917,111867000,68276000,90996736,bytes,True,true,0,,True,True,12819,58a491584666acfbed6cc0c5553723e4ce7005aef405810d4a7c374d90127aff
pack,absent_term,False,37,baseline,148711750,168074000,65685000,91881472,bytes,True,true,0,,True,True,12819,58a491584666acfbed6cc0c5553723e4ce7005aef405810d4a7c374d90127aff
pack,absent_term,False,38,baseline,150932250,170581000,68344000,91586560,bytes,True,true,0,,True,True,12819,58a491584666acfbed6cc0c5553723e4ce7005aef405810d4a7c374d90127aff
pack,absent_term,False,38,candidate,96722250,115597000,66272000,90865664,bytes,True,true,0,,True,True,12819,58a491584666acfbed6cc0c5553723e4ce7005aef405810d4a7c374d90127aff
pack,absent_term,False,39,candidate,97216959,108334000,68199000,92749824,bytes,True,true,0,,True,True,12819,58a491584666acfbed6cc0c5553723e4ce7005aef405810d4a7c374d90127aff
pack,absent_term,False,39,baseline,152514167,167811000,72707000,91881472,bytes,True,true,0,,True,True,12819,58a491584666acfbed6cc0c5553723e4ce7005aef405810d4a7c374d90127aff
pack,absent_term,False,40,baseline,148299708,168908000,68308000,91488256,bytes,True,true,0,,True,True,12819,58a491584666acfbed6cc0c5553723e4ce7005aef405810d4a7c374d90127aff
pack,absent_term,False,40,candidate,94222292,111242000,64229000,91619328,bytes,True,true,0,,True,True,12819,58a491584666acfbed6cc0c5553723e4ce7005aef405810d4a7c374d90127aff
pack,absent_term,False,41,candidate,93709583,108443000,65175000,92602368,bytes,True,true,0,,True,True,12819,58a491584666acfbed6cc0c5553723e4ce7005aef405810d4a7c374d90127aff
pack,absent_term,False,41,baseline,147457667,165801000,67526000,91455488,bytes,True,true,0,,True,True,12819,58a491584666acfbed6cc0c5553723e4ce7005aef405810d4a7c374d90127aff
pack,absent_term,False,42,baseline,150561916,169581000,72791000,92127232,bytes,True,true,0,,True,True,12819,58a491584666acfbed6cc0c5553723e4ce7005aef405810d4a7c374d90127aff
pack,absent_term,False,42,candidate,93953417,110415000,68017000,91062272,bytes,True,true,0,,True,True,12819,58a491584666acfbed6cc0c5553723e4ce7005aef405810d4a7c374d90127aff
pack,absent_term,False,43,candidate,95845583,112262000,66114000,90423296,bytes,True,true,0,,True,True,12819,58a491584666acfbed6cc0c5553723e4ce7005aef405810d4a7c374d90127aff
pack,absent_term,False,43,baseline,145985333,161874000,65640000,90800128,bytes,True,true,0,,True,True,12819,58a491584666acfbed6cc0c5553723e4ce7005aef405810d4a7c374d90127aff
pack,absent_term,False,44,baseline,161083958,178736000,78538000,93437952,bytes,True,true,0,,True,True,12819,58a491584666acfbed6cc0c5553723e4ce7005aef405810d4a7c374d90127aff
pack,absent_term,False,44,candidate,101948667,110797000,75087000,92061696,bytes,True,true,0,,True,True,12819,58a491584666acfbed6cc0c5553723e4ce7005aef405810d4a7c374d90127aff
pack,absent_term,False,45,candidate,93946500,113287000,66354000,90472448,bytes,True,true,0,,True,True,12819,58a491584666acfbed6cc0c5553723e4ce7005aef405810d4a7c374d90127aff
pack,absent_term,False,45,baseline,139122792,163375000,64362000,93110272,bytes,True,true,0,,True,True,12819,58a491584666acfbed6cc0c5553723e4ce7005aef405810d4a7c374d90127aff
pack,absent_term,False,46,baseline,143986375,167302000,67389000,92897280,bytes,True,true,0,,True,True,12819,58a491584666acfbed6cc0c5553723e4ce7005aef405810d4a7c374d90127aff
pack,absent_term,False,46,candidate,88917416,103856000,64392000,92569600,bytes,True,true,0,,True,True,12819,58a491584666acfbed6cc0c5553723e4ce7005aef405810d4a7c374d90127aff
pack,absent_term,False,47,candidate,91308459,110934000,63835000,91701248,bytes,True,true,0,,True,True,12819,58a491584666acfbed6cc0c5553723e4ce7005aef405810d4a7c374d90127aff
pack,absent_term,False,47,baseline,143180542,163104000,65079000,91848704,bytes,True,true,0,,True,True,12819,58a491584666acfbed6cc0c5553723e4ce7005aef405810d4a7c374d90127aff
pack,absent_term,False,48,baseline,141815042,160579000,69083000,92110848,bytes,True,true,0,,True,True,12819,58a491584666acfbed6cc0c5553723e4ce7005aef405810d4a7c374d90127aff
pack,absent_term,False,48,candidate,88846042,103535000,62066000,92487680,bytes,True,true,0,,True,True,12819,58a491584666acfbed6cc0c5553723e4ce7005aef405810d4a7c374d90127aff
pack,absent_term,False,49,candidate,92229333,107128000,62642000,92307456,bytes,True,true,0,,True,True,12819,58a491584666acfbed6cc0c5553723e4ce7005aef405810d4a7c374d90127aff
pack,absent_term,False,49,baseline,142158791,164111000,63666000,93470720,bytes,True,true,0,,True,True,12819,58a491584666acfbed6cc0c5553723e4ce7005aef405810d4a7c374d90127aff
pack,absent_term,False,50,baseline,148006875,170695000,68849000,93208576,bytes,True,true,0,,True,True,12819,58a491584666acfbed6cc0c5553723e4ce7005aef405810d4a7c374d90127aff
pack,absent_term,False,50,candidate,95190958,107323000,63575000,92454912,bytes,True,true,0,,True,True,12819,58a491584666acfbed6cc0c5553723e4ce7005aef405810d4a7c374d90127aff
pack,absent_term,False,51,candidate,93732250,109790000,65934000,91095040,bytes,True,true,0,,True,True,12819,58a491584666acfbed6cc0c5553723e4ce7005aef405810d4a7c374d90127aff
pack,absent_term,False,51,baseline,144176667,165485000,66324000,91799552,bytes,True,true,0,,True,True,12819,58a491584666acfbed6cc0c5553723e4ce7005aef405810d4a7c374d90127aff
pack,absent_term,False,52,baseline,143280083,162960000,65125000,91439104,bytes,True,true,0,,True,True,12819,58a491584666acfbed6cc0c5553723e4ce7005aef405810d4a7c374d90127aff
pack,absent_term,False,52,candidate,94465084,113600000,69122000,91127808,bytes,True,true,0,,True,True,12819,58a491584666acfbed6cc0c5553723e4ce7005aef405810d4a7c374d90127aff
pack,absent_term,False,53,candidate,92526792,112820000,65325000,91029504,bytes,True,true,0,,True,True,12819,58a491584666acfbed6cc0c5553723e4ce7005aef405810d4a7c374d90127aff
pack,absent_term,False,53,baseline,147437042,169053000,66193000,92684288,bytes,True,true,0,,True,True,12819,58a491584666acfbed6cc0c5553723e4ce7005aef405810d4a7c374d90127aff
pack,absent_term,False,54,baseline,278786667,187287000,94508000,90931200,bytes,True,true,0,,True,True,12819,58a491584666acfbed6cc0c5553723e4ce7005aef405810d4a7c374d90127aff
pack,absent_term,False,54,candidate,99851959,111352000,67064000,91176960,bytes,True,true,0,,True,True,12819,58a491584666acfbed6cc0c5553723e4ce7005aef405810d4a7c374d90127aff
pack,absent_term,False,55,candidate,96285792,109279000,67413000,92127232,bytes,True,true,0,,True,True,12819,58a491584666acfbed6cc0c5553723e4ce7005aef405810d4a7c374d90127aff
pack,absent_term,False,55,baseline,165343291,166656000,64862000,91586560,bytes,True,true,0,,True,True,12819,58a491584666acfbed6cc0c5553723e4ce7005aef405810d4a7c374d90127aff
pack,absent_term,False,56,baseline,180579125,181118000,77661000,91045888,bytes,True,true,0,,True,True,12819,58a491584666acfbed6cc0c5553723e4ce7005aef405810d4a7c374d90127aff
pack,absent_term,False,56,candidate,110180000,114760000,67984000,91340800,bytes,True,true,0,,True,True,12819,58a491584666acfbed6cc0c5553723e4ce7005aef405810d4a7c374d90127aff
pack,absent_term,False,57,candidate,94334542,113187000,66319000,91095040,bytes,True,true,0,,True,True,12819,58a491584666acfbed6cc0c5553723e4ce7005aef405810d4a7c374d90127aff
pack,absent_term,False,57,baseline,161140042,166623000,75431000,91045888,bytes,True,true,0,,True,True,12819,58a491584666acfbed6cc0c5553723e4ce7005aef405810d4a7c374d90127aff
pack,absent_term,False,58,baseline,144591792,166453000,65246000,92962816,bytes,True,true,0,,True,True,12819,58a491584666acfbed6cc0c5553723e4ce7005aef405810d4a7c374d90127aff
pack,absent_term,False,58,candidate,89411333,108659000,64943000,91226112,bytes,True,true,0,,True,True,12819,58a491584666acfbed6cc0c5553723e4ce7005aef405810d4a7c374d90127aff
pack,absent_term,False,59,candidate,93597917,103634000,68912000,92667904,bytes,True,true,0,,True,True,12819,58a491584666acfbed6cc0c5553723e4ce7005aef405810d4a7c374d90127aff
pack,absent_term,False,59,baseline,147915084,164749000,70819000,92618752,bytes,True,true,0,,True,True,12819,58a491584666acfbed6cc0c5553723e4ce7005aef405810d4a7c374d90127aff
pack,absent_term,False,60,baseline,151076542,167905000,74424000,92962816,bytes,True,true,0,,True,True,12819,58a491584666acfbed6cc0c5553723e4ce7005aef405810d4a7c374d90127aff
pack,absent_term,False,60,candidate,96071916,106401000,67902000,92798976,bytes,True,true,0,,True,True,12819,58a491584666acfbed6cc0c5553723e4ce7005aef405810d4a7c374d90127aff
pack,absent_term,False,61,candidate,93546667,110493000,67469000,91553792,bytes,True,true,0,,True,True,12819,58a491584666acfbed6cc0c5553723e4ce7005aef405810d4a7c374d90127aff
pack,absent_term,False,61,baseline,138037291,161242000,62490000,91242496,bytes,True,true,0,,True,True,12819,58a491584666acfbed6cc0c5553723e4ce7005aef405810d4a7c374d90127aff
pack,absent_term,False,62,baseline,144793542,163364000,66062000,92700672,bytes,True,true,0,,True,True,12819,58a491584666acfbed6cc0c5553723e4ce7005aef405810d4a7c374d90127aff
pack,absent_term,False,62,candidate,92552917,111199000,65814000,91029504,bytes,True,true,0,,True,True,12819,58a491584666acfbed6cc0c5553723e4ce7005aef405810d4a7c374d90127aff
pack,absent_term,False,63,candidate,90293500,105113000,61722000,92585984,bytes,True,true,0,,True,True,12819,58a491584666acfbed6cc0c5553723e4ce7005aef405810d4a7c374d90127aff
pack,absent_term,False,63,baseline,141631292,158912000,66659000,93290496,bytes,True,true,0,,True,True,12819,58a491584666acfbed6cc0c5553723e4ce7005aef405810d4a7c374d90127aff
pack,absent_term,False,64,baseline,144473541,163581000,65437000,92291072,bytes,True,true,0,,True,True,12819,58a491584666acfbed6cc0c5553723e4ce7005aef405810d4a7c374d90127aff
pack,absent_term,False,64,candidate,97204292,108827000,69492000,92061696,bytes,True,true,0,,True,True,12819,58a491584666acfbed6cc0c5553723e4ce7005aef405810d4a7c374d90127aff
pack,absent_term,False,65,candidate,90522583,108862000,64694000,91127808,bytes,True,true,0,,True,True,12819,58a491584666acfbed6cc0c5553723e4ce7005aef405810d4a7c374d90127aff
pack,absent_term,False,65,baseline,147669333,164303000,72981000,91815936,bytes,True,true,0,,True,True,12819,58a491584666acfbed6cc0c5553723e4ce7005aef405810d4a7c374d90127aff
pack,absent_term,False,66,baseline,142409875,167734000,63595000,91275264,bytes,True,true,0,,True,True,12819,58a491584666acfbed6cc0c5553723e4ce7005aef405810d4a7c374d90127aff
pack,absent_term,False,66,candidate,95264292,112374000,69515000,91291648,bytes,True,true,0,,True,True,12819,58a491584666acfbed6cc0c5553723e4ce7005aef405810d4a7c374d90127aff
pack,absent_term,False,67,candidate,91243709,108333000,64290000,92078080,bytes,True,true,0,,True,True,12819,58a491584666acfbed6cc0c5553723e4ce7005aef405810d4a7c374d90127aff
pack,absent_term,False,67,baseline,148585834,164395000,73095000,91684864,bytes,True,true,0,,True,True,12819,58a491584666acfbed6cc0c5553723e4ce7005aef405810d4a7c374d90127aff
pack,absent_term,False,68,baseline,144002250,166652000,66898000,92209152,bytes,True,true,0,,True,True,12819,58a491584666acfbed6cc0c5553723e4ce7005aef405810d4a7c374d90127aff
pack,absent_term,False,68,candidate,92000542,110170000,62379000,91111424,bytes,True,true,0,,True,True,12819,58a491584666acfbed6cc0c5553723e4ce7005aef405810d4a7c374d90127aff
pack,absent_term,False,69,candidate,88680458,108434000,59586000,90996736,bytes,True,true,0,,True,True,12819,58a491584666acfbed6cc0c5553723e4ce7005aef405810d4a7c374d90127aff
pack,absent_term,False,69,baseline,141130917,162749000,62554000,93126656,bytes,True,true,0,,True,True,12819,58a491584666acfbed6cc0c5553723e4ce7005aef405810d4a7c374d90127aff
pack,absent_term,False,70,baseline,144001167,165763000,67229000,91799552,bytes,True,true,0,,True,True,12819,58a491584666acfbed6cc0c5553723e4ce7005aef405810d4a7c374d90127aff
pack,absent_term,False,70,candidate,91965708,111686000,63413000,91258880,bytes,True,true,0,,True,True,12819,58a491584666acfbed6cc0c5553723e4ce7005aef405810d4a7c374d90127aff
pack,absent_term,False,71,candidate,95010708,114723000,65146000,90390528,bytes,True,true,0,,True,True,12819,58a491584666acfbed6cc0c5553723e4ce7005aef405810d4a7c374d90127aff
pack,absent_term,False,71,baseline,145464625,167387000,67665000,93569024,bytes,True,true,0,,True,True,12819,58a491584666acfbed6cc0c5553723e4ce7005aef405810d4a7c374d90127aff
pack,absent_term,False,72,baseline,146319250,161972000,67319000,91488256,bytes,True,true,0,,True,True,12819,58a491584666acfbed6cc0c5553723e4ce7005aef405810d4a7c374d90127aff
pack,absent_term,False,72,candidate,90105917,104922000,61693000,92585984,bytes,True,true,0,,True,True,12819,58a491584666acfbed6cc0c5553723e4ce7005aef405810d4a7c374d90127aff
pack,absent_term,False,73,candidate,90008042,110271000,64613000,91013120,bytes,True,true,0,,True,True,12819,58a491584666acfbed6cc0c5553723e4ce7005aef405810d4a7c374d90127aff
pack,absent_term,False,73,baseline,143590625,162434000,66436000,93011968,bytes,True,true,0,,True,True,12819,58a491584666acfbed6cc0c5553723e4ce7005aef405810d4a7c374d90127aff
pack,absent_term,False,74,baseline,143044667,162880000,65060000,90963968,bytes,True,true,0,,True,True,12819,58a491584666acfbed6cc0c5553723e4ce7005aef405810d4a7c374d90127aff
pack,absent_term,False,74,candidate,91052917,110760000,63937000,90341376,bytes,True,true,0,,True,True,12819,58a491584666acfbed6cc0c5553723e4ce7005aef405810d4a7c374d90127aff
pack,absent_term,False,75,candidate,93486250,105254000,64820000,92323840,bytes,True,true,0,,True,True,12819,58a491584666acfbed6cc0c5553723e4ce7005aef405810d4a7c374d90127aff
pack,absent_term,False,75,baseline,141870083,161549000,64462000,91160576,bytes,True,true,0,,True,True,12819,58a491584666acfbed6cc0c5553723e4ce7005aef405810d4a7c374d90127aff
pack,absent_term,False,76,baseline,141463166,164773000,65244000,92897280,bytes,True,true,0,,True,True,12819,58a491584666acfbed6cc0c5553723e4ce7005aef405810d4a7c374d90127aff
pack,absent_term,False,76,candidate,93364291,112536000,62969000,92258304,bytes,True,true,0,,True,True,12819,58a491584666acfbed6cc0c5553723e4ce7005aef405810d4a7c374d90127aff
pack,absent_term,False,77,candidate,89654083,110565000,61867000,91062272,bytes,True,true,0,,True,True,12819,58a491584666acfbed6cc0c5553723e4ce7005aef405810d4a7c374d90127aff
pack,absent_term,False,77,baseline,146235208,166104000,67552000,93552640,bytes,True,true,0,,True,True,12819,58a491584666acfbed6cc0c5553723e4ce7005aef405810d4a7c374d90127aff
pack,absent_term,False,78,baseline,144709000,169640000,66926000,92028928,bytes,True,true,0,,True,True,12819,58a491584666acfbed6cc0c5553723e4ce7005aef405810d4a7c374d90127aff
pack,absent_term,False,78,candidate,90698166,109585000,61736000,90963968,bytes,True,true,0,,True,True,12819,58a491584666acfbed6cc0c5553723e4ce7005aef405810d4a7c374d90127aff
pack,absent_term,False,79,candidate,88271500,104469000,58697000,92110848,bytes,True,true,0,,True,True,12819,58a491584666acfbed6cc0c5553723e4ce7005aef405810d4a7c374d90127aff
pack,absent_term,False,79,baseline,140677292,159860000,63812000,91144192,bytes,True,true,0,,True,True,12819,58a491584666acfbed6cc0c5553723e4ce7005aef405810d4a7c374d90127aff
pack,absent_term,False,80,baseline,142081333,160933000,63592000,91308032,bytes,True,true,0,,True,True,12819,58a491584666acfbed6cc0c5553723e4ce7005aef405810d4a7c374d90127aff
pack,absent_term,False,80,candidate,91176375,106109000,63161000,92127232,bytes,True,true,0,,True,True,12819,58a491584666acfbed6cc0c5553723e4ce7005aef405810d4a7c374d90127aff
pack,absent_term,False,81,candidate,96140083,110661000,65844000,91029504,bytes,True,true,0,,True,True,12819,58a491584666acfbed6cc0c5553723e4ce7005aef405810d4a7c374d90127aff
pack,absent_term,False,81,baseline,142704041,162109000,68901000,92209152,bytes,True,true,0,,True,True,12819,58a491584666acfbed6cc0c5553723e4ce7005aef405810d4a7c374d90127aff
pack,absent_term,False,82,baseline,143471708,164103000,66064000,93143040,bytes,True,true,0,,True,True,12819,58a491584666acfbed6cc0c5553723e4ce7005aef405810d4a7c374d90127aff
pack,absent_term,False,82,candidate,94963917,110468000,64468000,91029504,bytes,True,true,0,,True,True,12819,58a491584666acfbed6cc0c5553723e4ce7005aef405810d4a7c374d90127aff
pack,absent_term,False,83,candidate,90228791,106447000,60808000,92471296,bytes,True,true,0,,True,True,12819,58a491584666acfbed6cc0c5553723e4ce7005aef405810d4a7c374d90127aff
pack,absent_term,False,83,baseline,144208083,169477000,65324000,92110848,bytes,True,true,0,,True,True,12819,58a491584666acfbed6cc0c5553723e4ce7005aef405810d4a7c374d90127aff
pack,absent_term,False,84,baseline,145522917,166382000,64235000,91209728,bytes,True,true,0,,True,True,12819,58a491584666acfbed6cc0c5553723e4ce7005aef405810d4a7c374d90127aff
pack,absent_term,False,84,candidate,93493750,112627000,64829000,92618752,bytes,True,true,0,,True,True,12819,58a491584666acfbed6cc0c5553723e4ce7005aef405810d4a7c374d90127aff
pack,absent_term,False,85,candidate,90108167,109104000,64878000,90750976,bytes,True,true,0,,True,True,12819,58a491584666acfbed6cc0c5553723e4ce7005aef405810d4a7c374d90127aff
pack,absent_term,False,85,baseline,143808125,163258000,66798000,91930624,bytes,True,true,0,,True,True,12819,58a491584666acfbed6cc0c5553723e4ce7005aef405810d4a7c374d90127aff
pack,absent_term,False,86,baseline,142145417,163558000,63013000,92782592,bytes,True,true,0,,True,True,12819,58a491584666acfbed6cc0c5553723e4ce7005aef405810d4a7c374d90127aff
pack,absent_term,False,86,candidate,90865708,109223000,61359000,91373568,bytes,True,true,0,,True,True,12819,58a491584666acfbed6cc0c5553723e4ce7005aef405810d4a7c374d90127aff
pack,absent_term,False,87,candidate,90721542,112259000,62292000,90931200,bytes,True,true,0,,True,True,12819,58a491584666acfbed6cc0c5553723e4ce7005aef405810d4a7c374d90127aff
pack,absent_term,False,87,baseline,141526833,161221000,63744000,90996736,bytes,True,true,0,,True,True,12819,58a491584666acfbed6cc0c5553723e4ce7005aef405810d4a7c374d90127aff
pack,absent_term,False,88,baseline,144346750,164584000,66249000,91947008,bytes,True,true,0,,True,True,12819,58a491584666acfbed6cc0c5553723e4ce7005aef405810d4a7c374d90127aff
pack,absent_term,False,88,candidate,91641791,108951000,62668000,91127808,bytes,True,true,0,,True,True,12819,58a491584666acfbed6cc0c5553723e4ce7005aef405810d4a7c374d90127aff
pack,absent_term,False,89,candidate,91115417,108688000,64735000,91242496,bytes,True,true,0,,True,True,12819,58a491584666acfbed6cc0c5553723e4ce7005aef405810d4a7c374d90127aff
pack,absent_term,False,89,baseline,148960666,164675000,66499000,91881472,bytes,True,true,0,,True,True,12819,58a491584666acfbed6cc0c5553723e4ce7005aef405810d4a7c374d90127aff
pack,absent_term,False,90,baseline,141674000,163151000,65332000,91635712,bytes,True,true,0,,True,True,12819,58a491584666acfbed6cc0c5553723e4ce7005aef405810d4a7c374d90127aff
pack,absent_term,False,90,candidate,92689833,109407000,62677000,91013120,bytes,True,true,0,,True,True,12819,58a491584666acfbed6cc0c5553723e4ce7005aef405810d4a7c374d90127aff
pack,absent_term,False,91,candidate,90690834,109723000,61613000,91275264,bytes,True,true,0,,True,True,12819,58a491584666acfbed6cc0c5553723e4ce7005aef405810d4a7c374d90127aff
pack,absent_term,False,91,baseline,141132167,164355000,62956000,91799552,bytes,True,true,0,,True,True,12819,58a491584666acfbed6cc0c5553723e4ce7005aef405810d4a7c374d90127aff
pack,absent_term,False,92,baseline,144104292,163673000,65841000,93323264,bytes,True,true,0,,True,True,12819,58a491584666acfbed6cc0c5553723e4ce7005aef405810d4a7c374d90127aff
pack,absent_term,False,92,candidate,91779042,109194000,62254000,91127808,bytes,True,true,0,,True,True,12819,58a491584666acfbed6cc0c5553723e4ce7005aef405810d4a7c374d90127aff
pack,absent_term,False,93,candidate,89602833,108936000,62442000,91193344,bytes,True,true,0,,True,True,12819,58a491584666acfbed6cc0c5553723e4ce7005aef405810d4a7c374d90127aff
pack,absent_term,False,93,baseline,139353250,162638000,64227000,92094464,bytes,True,true,0,,True,True,12819,58a491584666acfbed6cc0c5553723e4ce7005aef405810d4a7c374d90127aff
pack,absent_term,False,94,baseline,146158625,168781000,66709000,91308032,bytes,True,true,0,,True,True,12819,58a491584666acfbed6cc0c5553723e4ce7005aef405810d4a7c374d90127aff
pack,absent_term,False,94,candidate,91161000,109789000,62554000,91062272,bytes,True,true,0,,True,True,12819,58a491584666acfbed6cc0c5553723e4ce7005aef405810d4a7c374d90127aff
pack,absent_term,False,95,candidate,88048333,110131000,61749000,90505216,bytes,True,true,0,,True,True,12819,58a491584666acfbed6cc0c5553723e4ce7005aef405810d4a7c374d90127aff
pack,absent_term,False,95,baseline,143331667,162140000,62395000,90865664,bytes,True,true,0,,True,True,12819,58a491584666acfbed6cc0c5553723e4ce7005aef405810d4a7c374d90127aff
pack,absent_term,False,96,baseline,145388584,166730000,67085000,92110848,bytes,True,true,0,,True,True,12819,58a491584666acfbed6cc0c5553723e4ce7005aef405810d4a7c374d90127aff
pack,absent_term,False,96,candidate,105467917,114445000,60743000,90898432,bytes,True,true,0,,True,True,12819,58a491584666acfbed6cc0c5553723e4ce7005aef405810d4a7c374d90127aff
pack,absent_term,False,97,candidate,97042000,113101000,66802000,91176960,bytes,True,true,0,,True,True,12819,58a491584666acfbed6cc0c5553723e4ce7005aef405810d4a7c374d90127aff
pack,absent_term,False,97,baseline,148000292,166506000,71790000,92897280,bytes,True,true,0,,True,True,12819,58a491584666acfbed6cc0c5553723e4ce7005aef405810d4a7c374d90127aff
pack,absent_term,False,98,baseline,143684958,165386000,63748000,92356608,bytes,True,true,0,,True,True,12819,58a491584666acfbed6cc0c5553723e4ce7005aef405810d4a7c374d90127aff
pack,absent_term,False,98,candidate,90907000,111273000,64191000,90750976,bytes,True,true,0,,True,True,12819,58a491584666acfbed6cc0c5553723e4ce7005aef405810d4a7c374d90127aff
pack,absent_term,False,99,candidate,92214875,110657000,65820000,91144192,bytes,True,true,0,,True,True,12819,58a491584666acfbed6cc0c5553723e4ce7005aef405810d4a7c374d90127aff
pack,absent_term,False,99,baseline,143243333,165408000,66209000,93061120,bytes,True,true,0,,True,True,12819,58a491584666acfbed6cc0c5553723e4ce7005aef405810d4a7c374d90127aff
